Ticket;Date;Close/Last;Volume;Open;High;Low
AAPL;08/11/2023;$177.79;52036670;$177.32;$178.62;$176.55
AAPL;08/10/2023;$177.97;54686850;$179.48;$180.75;$177.60
AAPL;08/09/2023;$178.19;60378490;$180.87;$180.93;$177.01
AAPL;08/08/2023;$179.80;67823000;$179.69;$180.27;$177.58
AAPL;08/07/2023;$178.85;97576070;$182.13;$183.13;$177.35
AAPL;08/04/2023;$181.99;115956800;$185.52;$187.38;$181.92
AAPL;08/03/2023;$191.17;62243280;$191.57;$192.37;$190.69
AAPL;08/02/2023;$192.58;50389330;$195.04;$195.18;$191.8507
AAPL;08/01/2023;$195.605;35281430;$196.235;$196.73;$195.28
AAPL;07/31/2023;$196.45;38824110;$196.06;$196.49;$195.26
AAPL;07/28/2023;$195.83;48291440;$194.67;$196.626;$194.14
AAPL;07/27/2023;$193.22;47460180;$196.02;$197.20;$192.55
AAPL;07/26/2023;$194.50;47471870;$193.67;$195.64;$193.32
AAPL;07/25/2023;$193.62;37283200;$193.33;$194.44;$192.915
AAPL;07/24/2023;$192.75;45505100;$193.41;$194.91;$192.25
AAPL;07/21/2023;$191.94;71951680;$194.10;$194.97;$191.23
AAPL;07/20/2023;$193.13;59581200;$195.09;$196.47;$192.495
AAPL;07/19/2023;$195.10;80507320;$193.10;$198.23;$192.65
AAPL;07/18/2023;$193.73;48353770;$193.35;$194.33;$192.415
AAPL;07/17/2023;$193.99;50520160;$191.90;$194.32;$191.81
AAPL;07/14/2023;$190.69;41616240;$190.23;$191.1799;$189.63
AAPL;07/13/2023;$190.54;41342340;$190.50;$191.19;$189.78
AAPL;07/12/2023;$189.77;60750250;$189.68;$191.70;$188.47
AAPL;07/11/2023;$188.08;46638120;$189.16;$189.30;$186.60
AAPL;07/10/2023;$188.61;59922160;$189.26;$189.99;$187.035
AAPL;07/07/2023;$190.68;46815000;$191.41;$192.67;$190.24
AAPL;07/06/2023;$191.81;45156010;$189.84;$192.02;$189.20
AAPL;07/05/2023;$191.33;46920260;$191.565;$192.98;$190.62
AAPL;07/03/2023;$192.46;31346600;$193.78;$193.88;$191.76
AAPL;06/30/2023;$193.97;85213220;$191.63;$194.48;$191.26
AAPL;06/29/2023;$189.59;46347310;$189.08;$190.07;$188.94
AAPL;06/28/2023;$189.25;51216800;$187.93;$189.90;$187.60
AAPL;06/27/2023;$188.06;50730850;$185.89;$188.39;$185.67
AAPL;06/26/2023;$185.27;48088660;$186.83;$188.05;$185.23
AAPL;06/23/2023;$186.68;53117000;$185.55;$187.56;$185.01
AAPL;06/22/2023;$187.00;51245330;$183.74;$187.045;$183.67
AAPL;06/21/2023;$183.96;49515700;$184.90;$185.41;$182.5901
AAPL;06/20/2023;$185.01;49799090;$184.41;$186.10;$184.41
AAPL;06/16/2023;$184.92;101256200;$186.73;$186.99;$184.27
AAPL;06/15/2023;$186.01;65433170;$183.96;$186.52;$183.78
AAPL;06/14/2023;$183.95;57462880;$183.37;$184.39;$182.02
AAPL;06/13/2023;$183.31;54929130;$182.80;$184.15;$182.44
AAPL;06/12/2023;$183.79;54755000;$181.27;$183.89;$180.97
AAPL;06/09/2023;$180.96;48899970;$181.50;$182.23;$180.63
AAPL;06/08/2023;$180.57;50214880;$177.895;$180.84;$177.46
AAPL;06/07/2023;$177.82;61944620;$178.44;$181.21;$177.32
AAPL;06/06/2023;$179.21;64848370;$179.965;$180.12;$177.43
AAPL;06/05/2023;$179.58;121946500;$182.63;$184.951;$178.035
AAPL;06/02/2023;$180.95;61996910;$181.03;$181.78;$179.26
AAPL;06/01/2023;$180.09;68901810;$177.70;$180.12;$176.9306
AAPL;05/31/2023;$177.25;99625290;$177.325;$179.35;$176.76
AAPL;05/30/2023;$177.30;55964400;$176.96;$178.99;$176.57
AAPL;05/26/2023;$175.43;54834980;$173.32;$175.77;$173.11
AAPL;05/25/2023;$172.99;56058260;$172.41;$173.895;$171.69
AAPL;05/24/2023;$171.84;45143490;$171.09;$172.4183;$170.52
AAPL;05/23/2023;$171.56;50747260;$173.13;$173.3794;$171.275
AAPL;05/22/2023;$174.20;43570930;$173.98;$174.71;$173.45
AAPL;05/19/2023;$175.16;55809480;$176.39;$176.39;$174.94
AAPL;05/18/2023;$175.05;65496660;$173.00;$175.24;$172.58
AAPL;05/17/2023;$172.69;57951600;$171.71;$172.925;$170.4201
AAPL;05/16/2023;$172.07;42110290;$171.99;$173.1383;$171.7991
AAPL;05/15/2023;$172.07;37266660;$173.16;$173.21;$171.47
AAPL;05/12/2023;$172.57;45533140;$173.62;$174.06;$171.00
AAPL;05/11/2023;$173.75;49514680;$173.85;$174.59;$172.17
AAPL;05/10/2023;$173.555;53724500;$173.02;$174.03;$171.90
AAPL;05/09/2023;$171.77;45326870;$173.05;$173.54;$171.60
AAPL;05/08/2023;$173.50;55962790;$172.48;$173.85;$172.11
AAPL;05/05/2023;$173.57;113453200;$170.975;$174.30;$170.76
AAPL;05/04/2023;$165.79;81235430;$164.89;$167.04;$164.31
AAPL;05/03/2023;$167.45;65136020;$169.50;$170.92;$167.16
AAPL;05/02/2023;$168.54;48425700;$170.09;$170.35;$167.54
AAPL;05/01/2023;$169.59;52472940;$169.28;$170.45;$168.64
AAPL;04/28/2023;$169.68;55275850;$168.49;$169.85;$167.8801
AAPL;04/27/2023;$168.41;64902330;$165.19;$168.56;$165.19
AAPL;04/26/2023;$163.76;45498800;$163.055;$165.28;$162.80
AAPL;04/25/2023;$163.77;48714060;$165.19;$166.305;$163.73
AAPL;04/24/2023;$165.33;41949580;$165.00;$165.60;$163.89
AAPL;04/21/2023;$165.02;58337340;$165.05;$166.4521;$164.49
AAPL;04/20/2023;$166.65;52456380;$166.09;$167.87;$165.56
AAPL;04/19/2023;$167.63;47720170;$165.80;$168.16;$165.54
AAPL;04/18/2023;$166.47;49923010;$166.10;$167.41;$165.65
AAPL;04/17/2023;$165.23;41516220;$165.09;$165.39;$164.03
AAPL;04/14/2023;$165.21;49386480;$164.59;$166.32;$163.82
AAPL;04/13/2023;$165.56;68445650;$161.63;$165.80;$161.42
AAPL;04/12/2023;$160.10;50133060;$161.22;$162.06;$159.78
AAPL;04/11/2023;$160.80;47644220;$162.35;$162.36;$160.51
AAPL;04/10/2023;$162.03;47716880;$161.42;$162.03;$160.08
AAPL;04/06/2023;$164.66;45390120;$162.43;$164.9584;$162.00
AAPL;04/05/2023;$163.76;51511740;$164.74;$165.05;$161.80
AAPL;04/04/2023;$165.63;46278300;$166.595;$166.84;$165.11
AAPL;04/03/2023;$166.17;56976190;$164.27;$166.29;$164.22
AAPL;03/31/2023;$164.90;68749790;$162.44;$165.00;$161.91
AAPL;03/30/2023;$162.36;49501690;$161.53;$162.47;$161.271
AAPL;03/29/2023;$160.77;51305690;$159.37;$161.05;$159.35
AAPL;03/28/2023;$157.65;45992150;$157.97;$158.49;$155.98
AAPL;03/27/2023;$158.28;52390270;$159.94;$160.77;$157.87
AAPL;03/24/2023;$160.25;59256340;$158.86;$160.34;$157.85
AAPL;03/23/2023;$158.93;67622060;$158.83;$161.5501;$157.68
AAPL;03/22/2023;$157.83;75701810;$159.30;$162.14;$157.81
AAPL;03/21/2023;$159.28;73938290;$157.32;$159.40;$156.54
AAPL;03/20/2023;$157.40;73641420;$155.07;$157.82;$154.15
AAPL;03/17/2023;$155.00;98944630;$156.08;$156.74;$154.28
AAPL;03/16/2023;$155.85;76254420;$152.16;$156.46;$151.64
AAPL;03/15/2023;$152.99;77167870;$151.19;$153.245;$149.92
AAPL;03/14/2023;$152.59;73695890;$151.28;$153.40;$150.10
AAPL;03/13/2023;$150.47;84457120;$147.805;$153.14;$147.70
AAPL;03/10/2023;$148.50;68572400;$150.21;$150.94;$147.6096
AAPL;03/09/2023;$150.59;53833580;$153.559;$154.535;$150.225
AAPL;03/08/2023;$152.87;47204790;$152.81;$153.47;$151.83
AAPL;03/07/2023;$151.60;56182030;$153.70;$154.0299;$151.13
AAPL;03/06/2023;$153.83;87558030;$153.785;$156.30;$153.46
AAPL;03/03/2023;$151.03;70732300;$148.045;$151.11;$147.33
AAPL;03/02/2023;$145.91;52279760;$144.38;$146.71;$143.90
AAPL;03/01/2023;$145.31;55478990;$146.83;$147.2285;$145.01
AAPL;02/28/2023;$147.41;50547000;$147.05;$149.08;$146.83
AAPL;02/27/2023;$147.92;44998470;$147.71;$149.17;$147.45
AAPL;02/24/2023;$146.71;55469610;$147.11;$147.19;$145.7202
AAPL;02/23/2023;$149.40;48394250;$150.09;$150.34;$147.24
AAPL;02/22/2023;$148.91;51011310;$148.87;$149.95;$147.16
AAPL;02/21/2023;$148.48;58867230;$150.20;$151.30;$148.405
AAPL;02/17/2023;$152.55;59144120;$152.35;$153.00;$150.85
AAPL;02/16/2023;$153.71;68167940;$153.51;$156.33;$153.3475
AAPL;02/15/2023;$155.33;65669250;$153.11;$155.50;$152.88
AAPL;02/14/2023;$153.20;61707570;$152.12;$153.77;$150.86
AAPL;02/13/2023;$153.85;62199010;$150.952;$154.26;$150.92
AAPL;02/10/2023;$151.01;57450710;$149.46;$151.3401;$149.22
AAPL;02/09/2023;$150.87;56007140;$153.775;$154.33;$150.42
AAPL;02/08/2023;$151.92;64120080;$153.88;$154.58;$151.168
AAPL;02/07/2023;$154.65;83322550;$150.64;$155.23;$150.64
AAPL;02/06/2023;$151.73;69858310;$152.575;$153.10;$150.78
AAPL;02/03/2023;$154.50;154357300;$148.03;$157.38;$147.83
AAPL;02/02/2023;$150.82;118339000;$148.90;$151.18;$148.17
AAPL;02/01/2023;$145.43;77663630;$143.97;$146.61;$141.32
AAPL;01/31/2023;$144.29;65874460;$142.70;$144.34;$142.28
AAPL;01/30/2023;$143.00;64015270;$144.955;$145.55;$142.85
AAPL;01/27/2023;$145.93;70555840;$143.155;$147.23;$143.08
AAPL;01/26/2023;$143.96;54105070;$143.17;$144.25;$141.90
AAPL;01/25/2023;$141.86;65799350;$140.89;$142.43;$138.81
AAPL;01/24/2023;$142.53;66435140;$140.305;$143.16;$140.30
AAPL;01/23/2023;$141.11;81760310;$138.12;$143.315;$137.90
AAPL;01/20/2023;$137.87;80223630;$135.28;$138.02;$134.22
AAPL;01/19/2023;$135.27;58280410;$134.08;$136.25;$133.77
AAPL;01/18/2023;$135.21;69672800;$136.815;$138.61;$135.03
AAPL;01/17/2023;$135.94;63646630;$134.83;$137.29;$134.13
AAPL;01/13/2023;$134.76;57809720;$132.03;$134.92;$131.66
AAPL;01/12/2023;$133.41;71379650;$133.88;$134.26;$131.44
AAPL;01/11/2023;$133.49;69458950;$131.25;$133.51;$130.46
AAPL;01/10/2023;$130.73;63896160;$130.26;$131.2636;$128.12
AAPL;01/09/2023;$130.15;70790810;$130.465;$133.41;$129.89
AAPL;01/06/2023;$129.62;87754720;$126.01;$130.29;$124.89
AAPL;01/05/2023;$125.02;80962710;$127.13;$127.77;$124.76
AAPL;01/04/2023;$126.36;89113630;$126.89;$128.6557;$125.08
AAPL;01/03/2023;$125.07;112117500;$130.28;$130.90;$124.17
AAPL;12/30/2022;$129.93;77034210;$128.41;$129.95;$127.43
AAPL;12/29/2022;$129.61;75703710;$127.99;$130.4814;$127.73
AAPL;12/28/2022;$126.04;85438390;$129.67;$131.0275;$125.87
AAPL;12/27/2022;$130.03;69007830;$131.38;$131.41;$128.72
AAPL;12/23/2022;$131.86;63814890;$130.92;$132.415;$129.64
AAPL;12/22/2022;$132.23;77852110;$134.352;$134.56;$130.30
AAPL;12/21/2022;$135.45;85927990;$132.98;$136.81;$132.75
AAPL;12/20/2022;$132.30;77432820;$131.39;$133.25;$129.89
AAPL;12/19/2022;$132.37;79592610;$135.11;$135.20;$131.32
AAPL;12/16/2022;$134.51;160156900;$136.685;$137.65;$133.73
AAPL;12/15/2022;$136.50;98931910;$141.11;$141.80;$136.025
AAPL;12/14/2022;$143.21;82291180;$145.35;$146.655;$141.16
AAPL;12/13/2022;$145.47;93886160;$149.50;$149.9692;$144.24
AAPL;12/12/2022;$144.49;70462650;$142.70;$144.50;$141.06
AAPL;12/09/2022;$142.16;76097010;$142.34;$145.57;$140.90
AAPL;12/08/2022;$142.65;62128340;$142.36;$143.52;$141.10
AAPL;12/07/2022;$140.94;69721090;$142.19;$143.37;$140.00
AAPL;12/06/2022;$142.91;64727190;$147.075;$147.30;$141.92
AAPL;12/05/2022;$146.63;68826440;$147.77;$150.9199;$145.77
AAPL;12/02/2022;$147.81;65447450;$145.96;$148.00;$145.65
AAPL;12/01/2022;$148.31;71250420;$148.21;$149.13;$146.61
AAPL;11/30/2022;$148.03;111380900;$141.395;$148.72;$140.55
AAPL;11/29/2022;$141.17;83763800;$144.29;$144.81;$140.355
AAPL;11/28/2022;$144.22;69346520;$145.14;$146.64;$143.38
AAPL;11/25/2022;$148.11;35195860;$148.305;$148.88;$147.12
AAPL;11/23/2022;$151.07;58301400;$149.45;$151.83;$149.34
AAPL;11/22/2022;$150.18;51804130;$148.13;$150.42;$146.925
AAPL;11/21/2022;$148.01;58724070;$150.16;$150.37;$147.715
AAPL;11/18/2022;$151.29;74829570;$152.305;$152.70;$149.97
AAPL;11/17/2022;$150.72;80389400;$146.43;$151.48;$146.15
AAPL;11/16/2022;$148.79;64218270;$149.13;$149.87;$147.29
AAPL;11/15/2022;$150.04;89868330;$152.215;$153.59;$148.5613
AAPL;11/14/2022;$148.28;73374110;$148.97;$150.28;$147.43
AAPL;11/11/2022;$149.70;93979670;$145.82;$150.01;$144.37
AAPL;11/10/2022;$146.87;118854000;$141.24;$146.87;$139.50
AAPL;11/09/2022;$134.87;74917790;$138.50;$138.55;$134.5933
AAPL;11/08/2022;$139.50;89908480;$140.41;$141.43;$137.49
AAPL;11/07/2022;$138.92;83374630;$137.11;$139.145;$135.671
AAPL;11/04/2022;$138.38;140814800;$142.09;$142.67;$134.38
AAPL;11/03/2022;$138.88;97918520;$142.06;$142.80;$138.75
AAPL;11/02/2022;$145.03;93604620;$148.945;$152.17;$145.00
AAPL;11/01/2022;$150.65;80379350;$155.08;$155.45;$149.13
AAPL;10/31/2022;$153.34;97943170;$153.155;$154.24;$151.92
AAPL;10/28/2022;$155.74;164762400;$148.20;$157.50;$147.82
AAPL;10/27/2022;$144.80;109180200;$148.07;$149.046;$144.13
AAPL;10/26/2022;$149.35;88436170;$150.96;$151.99;$148.04
AAPL;10/25/2022;$152.34;74732290;$150.09;$152.49;$149.36
AAPL;10/24/2022;$149.45;75981920;$147.185;$150.23;$146.00
AAPL;10/21/2022;$147.27;86548610;$142.87;$147.8479;$142.649
AAPL;10/20/2022;$143.39;64521990;$143.02;$145.89;$142.65
AAPL;10/19/2022;$143.86;61758340;$141.69;$144.9492;$141.50
AAPL;10/18/2022;$143.75;99136610;$145.49;$146.70;$140.61
AAPL;10/17/2022;$142.41;85250940;$141.065;$142.90;$140.27
AAPL;10/14/2022;$138.38;88597970;$144.31;$144.52;$138.19
AAPL;10/13/2022;$142.99;113224000;$134.99;$143.59;$134.37
AAPL;10/12/2022;$138.34;70433740;$139.13;$140.36;$138.16
AAPL;10/11/2022;$138.98;77033670;$139.90;$141.35;$138.22
AAPL;10/10/2022;$140.42;74899000;$140.42;$141.89;$138.5729
AAPL;10/07/2022;$140.09;85925560;$142.54;$143.10;$139.445
AAPL;10/06/2022;$145.43;68402170;$145.81;$147.54;$145.22
AAPL;10/05/2022;$146.40;79470970;$144.075;$147.38;$143.01
AAPL;10/04/2022;$146.10;87830060;$145.03;$146.22;$144.26
AAPL;10/03/2022;$142.45;114311700;$138.21;$143.07;$137.685
AAPL;09/30/2022;$138.20;124925300;$141.28;$143.10;$138.00
AAPL;09/29/2022;$142.48;128138200;$146.10;$146.72;$140.68
AAPL;09/28/2022;$149.84;146691400;$147.64;$150.6414;$144.84
AAPL;09/27/2022;$151.76;84442740;$152.74;$154.72;$149.945
AAPL;09/26/2022;$150.77;93339410;$149.66;$153.7701;$149.64
AAPL;09/23/2022;$150.43;96029910;$151.19;$151.47;$148.56
AAPL;09/22/2022;$152.74;86652540;$152.38;$154.47;$150.91
AAPL;09/21/2022;$153.72;101696800;$157.34;$158.74;$153.60
AAPL;09/20/2022;$156.90;107689800;$153.40;$158.08;$153.08
AAPL;09/19/2022;$154.48;81474250;$149.31;$154.56;$149.10
AAPL;09/16/2022;$150.70;162278800;$151.21;$151.35;$148.37
AAPL;09/15/2022;$152.37;90481110;$154.65;$155.24;$151.38
AAPL;09/14/2022;$155.31;87965410;$154.785;$157.10;$153.6106
AAPL;09/13/2022;$153.84;122656600;$159.90;$160.54;$153.37
AAPL;09/12/2022;$163.43;104956000;$159.59;$164.26;$159.30
AAPL;09/09/2022;$157.37;68081010;$155.47;$157.82;$154.75
AAPL;09/08/2022;$154.46;84923850;$154.64;$156.36;$152.68
AAPL;09/07/2022;$155.96;87449570;$154.825;$156.67;$153.61
AAPL;09/06/2022;$154.53;73714840;$156.47;$157.09;$153.69
AAPL;09/02/2022;$155.81;76957770;$159.75;$160.362;$154.965
AAPL;09/01/2022;$157.96;74229900;$156.64;$158.42;$154.67
AAPL;08/31/2022;$157.22;87991090;$160.305;$160.58;$157.14
AAPL;08/30/2022;$158.91;77906200;$162.13;$162.56;$157.72
AAPL;08/29/2022;$161.38;73313950;$161.145;$162.90;$159.82
AAPL;08/26/2022;$163.62;78960980;$170.57;$171.05;$163.56
AAPL;08/25/2022;$170.03;51218210;$168.78;$170.14;$168.35
AAPL;08/24/2022;$167.53;53841520;$167.32;$168.11;$166.245
AAPL;08/23/2022;$167.23;54147080;$167.08;$168.71;$166.65
AAPL;08/22/2022;$167.57;69026810;$169.69;$169.86;$167.135
AAPL;08/19/2022;$171.52;70346300;$173.03;$173.74;$171.3101
AAPL;08/18/2022;$174.15;62290080;$173.75;$174.90;$173.12
AAPL;08/17/2022;$174.55;79542040;$172.77;$176.15;$172.57
AAPL;08/16/2022;$173.03;56377050;$172.78;$173.71;$171.6618
AAPL;08/15/2022;$173.19;54091690;$171.52;$173.39;$171.345
AMZN;08/11/2023;$138.41;42905830;$137.40;$139.33;$137.00
AMZN;08/10/2023;$138.56;58928400;$139.075;$140.41;$137.49
AMZN;08/09/2023;$137.85;50017350;$139.97;$140.32;$137.10
AMZN;08/08/2023;$139.94;51710500;$140.62;$140.84;$138.42
AMZN;08/07/2023;$142.22;71213110;$140.99;$142.54;$138.95
AMZN;08/04/2023;$139.57;153128500;$141.06;$143.63;$139.32
AMZN;08/03/2023;$128.91;91163740;$127.48;$129.84;$126.41
AMZN;08/02/2023;$128.21;51027610;$130.154;$130.23;$126.82
AMZN;08/01/2023;$131.69;42298930;$133.55;$133.69;$131.6199
AMZN;07/31/2023;$133.68;41901520;$133.20;$133.87;$132.38
AMZN;07/28/2023;$132.21;46317380;$129.69;$133.01;$129.33
AMZN;07/27/2023;$128.25;52610660;$131.00;$132.63;$127.79
AMZN;07/26/2023;$128.15;53910090;$126.51;$129.08;$126.11
AMZN;07/25/2023;$129.13;39236660;$129.31;$129.58;$128.53
AMZN;07/24/2023;$128.80;45671540;$130.305;$131.66;$128.35
AMZN;07/21/2023;$130.00;133307300;$131.34;$131.37;$128.415
AMZN;07/20/2023;$129.96;59820580;$134.07;$134.7915;$129.33
AMZN;07/19/2023;$135.36;54531040;$133.39;$135.99;$132.53
AMZN;07/18/2023;$132.83;54969130;$132.71;$133.86;$131.355
AMZN;07/17/2023;$133.56;48450200;$134.56;$135.62;$133.21
AMZN;07/14/2023;$134.68;54487090;$134.06;$136.65;$134.06
AMZN;07/13/2023;$134.30;61170880;$134.04;$134.67;$132.71
AMZN;07/12/2023;$130.80;54022850;$130.31;$131.26;$128.83
AMZN;07/11/2023;$128.78;49951460;$127.75;$129.77;$127.35
AMZN;07/10/2023;$127.13;61889290;$129.07;$129.28;$125.915
AMZN;07/07/2023;$129.78;41992250;$128.59;$130.97;$128.1294
AMZN;07/06/2023;$128.36;40697850;$128.25;$128.73;$127.37
AMZN;07/05/2023;$130.38;35895410;$130.24;$131.40;$129.64
AMZN;07/03/2023;$130.22;27939570;$130.82;$131.85;$130.065
AMZN;06/30/2023;$130.36;54350680;$129.47;$131.245;$128.95
AMZN;06/29/2023;$127.90;40760960;$128.77;$129.26;$127.255
AMZN;06/28/2023;$129.04;52149510;$128.94;$131.48;$128.44
AMZN;06/27/2023;$129.18;46801010;$128.63;$130.085;$127.55
AMZN;06/26/2023;$127.33;59989320;$129.33;$131.49;$127.10
AMZN;06/23/2023;$129.33;71927780;$129.11;$130.84;$128.28
AMZN;06/22/2023;$130.15;90354570;$125.31;$130.33;$125.14
AMZN;06/21/2023;$124.83;52137670;$125.64;$126.73;$123.85
AMZN;06/20/2023;$125.78;56930120;$124.97;$127.25;$124.50
AMZN;06/16/2023;$125.49;84247100;$127.71;$127.90;$125.30
AMZN;06/15/2023;$127.11;60458470;$125.21;$127.69;$124.32
AMZN;06/14/2023;$126.42;52422460;$126.70;$126.95;$124.12
AMZN;06/13/2023;$126.66;50564790;$128.12;$128.41;$125.18
AMZN;06/12/2023;$126.57;51473380;$124.02;$126.78;$123.53
AMZN;06/09/2023;$123.43;51396020;$124.08;$125.80;$123.19
AMZN;06/08/2023;$124.25;62159270;$123.01;$125.625;$122.2579
AMZN;06/07/2023;$121.23;95663280;$127.01;$127.365;$120.63
AMZN;06/06/2023;$126.61;45695210;$125.07;$127.40;$125.00
AMZN;06/05/2023;$125.30;47950130;$123.36;$125.80;$123.03
AMZN;06/02/2023;$124.25;61264410;$124.92;$126.39;$124.015
AMZN;06/01/2023;$122.77;54375130;$120.69;$123.49;$119.93
AMZN;05/31/2023;$120.58;72800790;$121.45;$122.04;$119.17
AMZN;05/30/2023;$121.66;64314810;$122.37;$122.92;$119.855
AMZN;05/26/2023;$120.11;96779890;$116.04;$121.50;$116.02
AMZN;05/25/2023;$115.00;66496680;$116.63;$116.87;$114.31
AMZN;05/24/2023;$116.75;63487940;$115.35;$117.34;$115.02
AMZN;05/23/2023;$114.99;67576260;$114.27;$117.14;$113.78
AMZN;05/22/2023;$115.01;70741120;$116.77;$116.77;$114.25
AMZN;05/19/2023;$116.25;55056310;$118.16;$118.31;$115.70
AMZN;05/18/2023;$118.15;73174090;$116.69;$118.60;$116.335
AMZN;05/17/2023;$115.50;65655180;$114.89;$115.83;$114.22
AMZN;05/16/2023;$113.40;71472910;$111.05;$114.7899;$111.05
AMZN;05/15/2023;$111.20;53011150;$111.15;$112.29;$109.25
AMZN;05/12/2023;$110.26;49852670;$112.16;$112.64;$109.3185
AMZN;05/11/2023;$112.18;74924840;$111.03;$113.28;$110.49
AMZN;05/10/2023;$110.19;78627620;$108.10;$110.67;$108.05
AMZN;05/09/2023;$106.62;44089360;$105.48;$106.79;$105.1567
AMZN;05/08/2023;$105.83;49430910;$105.04;$106.095;$104.7001
AMZN;05/05/2023;$105.655;56951740;$104.27;$105.76;$103.55
AMZN;05/04/2023;$104.00;45345520;$104.04;$105.39;$103.3117
AMZN;05/03/2023;$103.65;65051930;$103.735;$105.96;$103.28
AMZN;05/02/2023;$103.63;73469350;$101.47;$103.90;$101.15
AMZN;05/01/2023;$102.05;74728100;$104.95;$105.23;$101.82
AMZN;04/28/2023;$105.45;130715900;$107.73;$109.48;$104.33
AMZN;04/27/2023;$109.82;149961200;$108.16;$110.86;$106.80
AMZN;04/26/2023;$104.98;73803790;$105.04;$106.62;$104.10
AMZN;04/25/2023;$102.57;65026820;$104.91;$105.45;$102.45
AMZN;04/24/2023;$106.21;69575610;$107.655;$109.23;$105.07
AMZN;04/21/2023;$106.96;86774190;$106.10;$108.15;$105.08
AMZN;04/20/2023;$103.81;57696870;$103.53;$105.25;$103.21
AMZN;04/19/2023;$104.30;58398890;$101.58;$105.12;$101.39
AMZN;04/18/2023;$102.30;39790520;$103.95;$104.20;$101.52
AMZN;04/17/2023;$102.74;39919460;$103.16;$103.73;$101.59
AMZN;04/14/2023;$102.51;51450520;$102.07;$103.2013;$101.11
AMZN;04/13/2023;$102.40;67925140;$98.95;$102.57;$98.71
AMZN;04/12/2023;$97.83;56735010;$100.40;$100.51;$97.705
AMZN;04/11/2023;$99.92;60417850;$100.80;$101.00;$99.01
AMZN;04/10/2023;$102.17;37261190;$100.96;$102.20;$99.57
AMZN;04/06/2023;$102.06;43808020;$100.75;$102.3817;$99.8008
AMZN;04/05/2023;$101.10;45175390;$103.91;$103.91;$100.7506
AMZN;04/04/2023;$103.95;48662500;$102.75;$104.20;$102.11
AMZN;04/03/2023;$102.41;41135730;$102.30;$103.29;$101.43
AMZN;03/31/2023;$103.29;56750320;$102.16;$103.49;$101.95
AMZN;03/30/2023;$102.00;53633400;$101.55;$103.04;$101.01
AMZN;03/29/2023;$100.25;49783280;$98.69;$100.4218;$98.56
AMZN;03/28/2023;$97.24;38720050;$98.11;$98.44;$96.29
AMZN;03/27/2023;$98.04;46721300;$99.07;$99.34;$97.08
AMZN;03/24/2023;$98.13;56144800;$98.065;$98.30;$96.40
AMZN;03/23/2023;$98.71;57559310;$100.43;$101.06;$97.62
AMZN;03/22/2023;$98.70;57475370;$100.45;$102.10;$98.61
AMZN;03/21/2023;$100.61;58597280;$98.14;$100.845;$98.00
AMZN;03/20/2023;$97.71;62388910;$98.41;$98.48;$95.70
AMZN;03/17/2023;$98.95;87300240;$99.79;$100.66;$97.455
AMZN;03/16/2023;$100.04;84558930;$95.75;$100.99;$95.61
AMZN;03/15/2023;$96.20;70731790;$93.22;$96.67;$93.07
AMZN;03/14/2023;$94.88;60912670;$93.83;$95.07;$92.71
AMZN;03/13/2023;$92.43;72397050;$89.97;$94.02;$88.12
AMZN;03/10/2023;$90.73;69827490;$92.67;$93.57;$90.245
AMZN;03/09/2023;$92.25;56218710;$93.68;$96.21;$92.18
AMZN;03/08/2023;$93.92;44899130;$93.60;$94.165;$92.18
AMZN;03/07/2023;$93.55;49100670;$94.06;$95.09;$92.78
AMZN;03/06/2023;$93.75;52112360;$95.19;$96.545;$93.74
AMZN;03/03/2023;$94.90;55759610;$92.74;$94.94;$92.66
AMZN;03/02/2023;$92.13;55574820;$91.41;$92.23;$90.39
AMZN;03/01/2023;$92.17;52299520;$93.87;$94.68;$91.59
AMZN;02/28/2023;$94.23;43959290;$93.14;$94.69;$92.92
AMZN;02/27/2023;$93.76;47470320;$94.28;$94.78;$93.14
AMZN;02/24/2023;$93.50;57053810;$93.53;$94.14;$92.3186
AMZN;02/23/2023;$95.82;48466990;$96.12;$96.43;$93.67
AMZN;02/22/2023;$95.79;59534090;$95.10;$97.01;$94.80
AMZN;02/21/2023;$94.58;56580360;$95.335;$95.605;$94.27
AMZN;02/17/2023;$97.20;60029410;$97.80;$97.94;$95.65
AMZN;02/16/2023;$98.15;56339170;$99.21;$100.63;$98.10
AMZN;02/15/2023;$101.16;48053880;$99.09;$101.17;$98.45
AMZN;02/14/2023;$99.70;56202900;$98.41;$100.9207;$97.52
AMZN;02/13/2023;$99.54;52841460;$97.85;$99.68;$96.91
AMZN;02/10/2023;$97.61;52740130;$97.56;$98.8163;$96.23
AMZN;02/09/2023;$98.24;64622490;$101.32;$101.78;$97.57
AMZN;02/08/2023;$100.05;75878300;$102.04;$102.6699;$98.775
AMZN;02/07/2023;$102.11;119501300;$101.17;$102.41;$98.08
AMZN;02/06/2023;$102.18;81945200;$102.925;$103.9484;$100.65
AMZN;02/03/2023;$103.39;144374800;$105.26;$108.78;$102.52
AMZN;02/02/2023;$112.91;158154200;$110.245;$114.00;$108.88
AMZN;02/01/2023;$105.15;80450120;$102.53;$106.24;$101.24
AMZN;01/31/2023;$103.13;66527250;$101.155;$103.3484;$101.14
AMZN;01/30/2023;$100.55;70691860;$101.09;$101.74;$99.01
AMZN;01/27/2023;$102.24;87775610;$99.53;$103.485;$99.53
AMZN;01/26/2023;$99.22;68523560;$98.235;$99.49;$96.92
AMZN;01/25/2023;$97.18;94261570;$92.56;$97.24;$91.52
AMZN;01/24/2023;$96.32;66929450;$96.93;$98.09;$96.00
AMZN;01/23/2023;$97.52;76501100;$97.56;$97.78;$95.86
AMZN;01/20/2023;$97.25;67481540;$93.86;$97.354;$93.2025
AMZN;01/19/2023;$93.68;69002660;$94.74;$95.44;$92.86
AMZN;01/18/2023;$95.46;79570370;$97.25;$99.32;$95.38
AMZN;01/17/2023;$96.05;72755000;$98.68;$98.89;$95.73
AMZN;01/13/2023;$98.12;85549430;$94.18;$98.37;$94.12
AMZN;01/12/2023;$95.27;85254780;$96.93;$97.19;$93.50
AMZN;01/11/2023;$95.09;103126200;$90.93;$95.26;$90.93
AMZN;01/10/2023;$89.87;67756600;$87.57;$90.185;$87.29
AMZN;01/09/2023;$87.36;65266060;$87.46;$89.48;$87.08
AMZN;01/06/2023;$86.08;83303360;$83.03;$86.40;$81.43
AMZN;01/05/2023;$83.12;67930830;$85.33;$85.42;$83.07
AMZN;01/04/2023;$85.14;68885120;$86.55;$86.98;$83.36
AMZN;01/03/2023;$85.82;76706040;$85.46;$86.96;$84.205
AMZN;12/30/2022;$84.00;62401190;$83.12;$84.05;$82.47
AMZN;12/29/2022;$84.18;54995900;$82.87;$84.55;$82.55
AMZN;12/28/2022;$81.82;58228580;$82.80;$83.48;$81.69
AMZN;12/27/2022;$83.04;57284040;$84.97;$85.35;$83.00
AMZN;12/23/2022;$85.25;57433660;$83.25;$85.78;$82.9344
AMZN;12/22/2022;$83.79;81431310;$85.52;$85.68;$82.25
AMZN;12/21/2022;$86.77;59267160;$86.175;$87.225;$85.21
AMZN;12/20/2022;$85.19;74348300;$85.33;$86.61;$84.33
AMZN;12/19/2022;$84.92;83531460;$87.51;$87.63;$84.51
AMZN;12/16/2022;$87.86;146144100;$88.265;$89.35;$86.73
AMZN;12/15/2022;$88.45;84802880;$89.89;$89.97;$87.47
AMZN;12/14/2022;$91.58;70298010;$92.502;$93.4581;$89.87
AMZN;12/13/2022;$92.49;100212000;$95.23;$96.25;$90.52
AMZN;12/12/2022;$90.55;61999760;$89.21;$90.58;$87.87
AMZN;12/09/2022;$89.09;67398510;$88.90;$90.30;$88.63
AMZN;12/08/2022;$90.35;73305890;$89.24;$90.86;$87.88
AMZN;12/07/2022;$88.46;68086880;$88.34;$89.89;$87.48
AMZN;12/06/2022;$88.25;75503630;$90.50;$91.04;$87.90
AMZN;12/05/2022;$91.01;71535530;$93.05;$94.06;$90.82
AMZN;12/02/2022;$94.13;72496390;$94.475;$95.36;$93.78
AMZN;12/01/2022;$95.50;68487970;$96.99;$97.23;$94.92
AMZN;11/30/2022;$96.54;102805800;$92.47;$96.54;$91.525
AMZN;11/29/2022;$92.42;65567290;$94.04;$94.41;$91.44
AMZN;11/28/2022;$93.95;75062320;$93.93;$96.40;$93.43
AMZN;11/25/2022;$93.41;35088610;$93.79;$94.43;$93.065
AMZN;11/23/2022;$94.13;59414680;$93.24;$94.58;$92.83
AMZN;11/22/2022;$93.20;62191960;$92.62;$93.35;$90.87
AMZN;11/21/2022;$92.46;84330270;$93.97;$95.02;$90.59
AMZN;11/18/2022;$94.14;72428190;$95.95;$95.99;$92.48
AMZN;11/17/2022;$94.85;82617870;$95.37;$96.97;$94.03
AMZN;11/16/2022;$97.12;87958830;$96.85;$98.4879;$95.54
AMZN;11/15/2022;$98.94;111336300;$103.21;$103.79;$97.34
AMZN;11/14/2022;$98.49;99533070;$98.77;$100.1199;$97.29
AMZN;11/11/2022;$100.79;111590500;$97.88;$101.19;$96.66
AMZN;11/10/2022;$96.63;173414900;$92.935;$98.69;$91.65
AMZN;11/09/2022;$86.14;90796250;$89.47;$89.48;$85.87
AMZN;11/08/2022;$89.98;88703370;$90.79;$91.72;$88.23
AMZN;11/07/2022;$90.53;77495730;$91.95;$92.10;$89.04
AMZN;11/04/2022;$90.98;129101300;$91.49;$92.44;$88.04
AMZN;11/03/2022;$89.30;136683300;$92.47;$93.50;$89.02
AMZN;11/02/2022;$92.12;135761800;$97.315;$97.74;$92.01
AMZN;11/01/2022;$96.79;153370000;$103.99;$104.58;$96.06
AMZN;10/31/2022;$102.44;99251400;$103.56;$104.87;$100.74
AMZN;10/28/2022;$103.41;223133400;$97.905;$103.96;$97.66
AMZN;10/27/2022;$110.96;129605400;$113.92;$114.12;$109.77
AMZN;10/26/2022;$115.66;69002460;$116.00;$119.3457;$114.76
AMZN;10/25/2022;$120.60;50934610;$119.65;$121.3152;$118.95
AMZN;10/24/2022;$119.82;49531520;$119.98;$120.39;$116.57
AMZN;10/21/2022;$119.32;55660490;$114.792;$119.59;$114.50
AMZN;10/20/2022;$115.25;48795100;$113.83;$118.24;$113.51
AMZN;10/19/2022;$115.07;47198120;$114.71;$116.5932;$113.22
AMZN;10/18/2022;$116.36;65607450;$119.06;$119.52;$114.79
AMZN;10/17/2022;$113.79;62781990;$110.11;$114.19;$110.09
AMZN;10/14/2022;$106.90;67737340;$114.10;$114.96;$106.60
AMZN;10/13/2022;$112.53;86868100;$107.88;$113.44;$105.345
AMZN;10/12/2022;$112.90;45728660;$112.49;$113.83;$111.40
AMZN;10/11/2022;$112.21;56432230;$112.71;$115.48;$110.39
AMZN;10/10/2022;$113.67;42339680;$115.10;$116.25;$112.43
AMZN;10/07/2022;$114.56;54677980;$118.00;$118.17;$113.88
AMZN;10/06/2022;$120.30;42253760;$120.77;$121.53;$119.50
AMZN;10/05/2022;$120.95;48217540;$118.58;$121.75;$117.69
AMZN;10/04/2022;$121.09;62812560;$119.89;$123.00;$119.79
AMZN;10/03/2022;$115.88;50941850;$113.58;$116.91;$112.45
AMZN;09/30/2022;$113.00;59479590;$114.075;$116.92;$112.84
AMZN;09/29/2022;$114.80;58969710;$115.60;$116.07;$113.06
AMZN;09/28/2022;$118.01;55763750;$114.38;$118.70;$113.80
AMZN;09/27/2022;$114.41;60094690;$117.195;$118.32;$113.05
AMZN;09/26/2022;$115.15;62723270;$113.295;$117.34;$113.13
AMZN;09/23/2022;$113.78;65126670;$116.00;$116.05;$112.06
AMZN;09/22/2022;$117.31;55229190;$117.08;$118.79;$116.26
AMZN;09/21/2022;$118.54;58498890;$122.49;$123.76;$118.45
AMZN;09/20/2022;$122.19;47698430;$123.35;$124.3963;$121.14
AMZN;09/19/2022;$124.66;47279730;$122.16;$124.71;$121.80
AMZN;09/16/2022;$123.53;115667800;$122.78;$123.87;$120.70
AMZN;09/15/2022;$126.28;52887200;$127.38;$130.37;$125.495
AMZN;09/14/2022;$128.55;45316770;$127.364;$128.84;$126.33
AMZN;09/13/2022;$126.82;72694010;$131.01;$131.40;$126.27
AMZN;09/12/2022;$136.45;53826860;$134.095;$136.49;$134.00
AMZN;09/09/2022;$133.27;49422260;$130.91;$133.69;$130.76
AMZN;09/08/2022;$129.82;43988510;$127.72;$130.28;$127.10
AMZN;09/07/2022;$129.48;47834490;$126.12;$129.82;$125.40
AMZN;09/06/2022;$126.11;43888590;$127.92;$128.62;$124.74
AMZN;09/02/2022;$127.51;57429830;$129.50;$131.38;$126.39
AMZN;09/01/2022;$127.82;56636150;$126.00;$128.02;$123.66
AMZN;08/31/2022;$126.77;53648700;$129.45;$130.59;$126.74
AMZN;08/30/2022;$128.73;49202990;$131.25;$132.0745;$126.85
AMZN;08/29/2022;$129.79;48101640;$129.90;$131.9499;$128.77
AMZN;08/26/2022;$130.75;53322660;$136.55;$137.83;$130.50
AMZN;08/25/2022;$137.28;37496280;$135.26;$137.42;$134.28
AMZN;08/24/2022;$133.80;38626980;$132.75;$135.47;$132.10
AMZN;08/23/2022;$133.62;36252100;$133.41;$134.99;$132.95
AMZN;08/22/2022;$133.22;50461500;$135.72;$136.32;$132.85
AMZN;08/19/2022;$138.23;47792840;$140.47;$141.11;$137.9142
AMZN;08/18/2022;$142.30;37458740;$141.32;$142.77;$140.38
AMZN;08/17/2022;$142.10;48149780;$142.69;$143.38;$140.78
AMZN;08/16/2022;$144.78;59102860;$143.905;$146.57;$142.00
AMZN;08/15/2022;$143.18;39014580;$142.80;$143.76;$141.49
GOOGL;08/11/2023;$129.56;19591080;$128.66;$129.93;$128.17
GOOGL;08/10/2023;$129.69;20857750;$131.32;$132.05;$129.45
GOOGL;08/09/2023;$129.66;24912920;$131.66;$132.04;$129.00
GOOGL;08/08/2023;$131.40;23535180;$130.62;$131.51;$129.545
GOOGL;08/07/2023;$131.53;22746290;$129.16;$131.61;$129.02
GOOGL;08/04/2023;$128.11;26147160;$129.28;$131.51;$127.91
GOOGL;08/03/2023;$128.45;20159530;$127.97;$129.385;$127.42
GOOGL;08/02/2023;$128.38;26273260;$129.45;$130.09;$127.56
GOOGL;08/01/2023;$131.55;23276440;$130.775;$132.63;$130.68
GOOGL;07/31/2023;$132.72;28055530;$132.73;$133.525;$131.775
GOOGL;07/28/2023;$132.58;36591160;$130.78;$133.74;$130.57
GOOGL;07/27/2023;$129.40;44952070;$131.67;$133.24;$128.79
GOOGL;07/26/2023;$129.27;61682090;$130.07;$130.98;$128.32
GOOGL;07/25/2023;$122.21;52509550;$121.36;$123.145;$121.02
GOOGL;07/24/2023;$121.53;29723670;$121.66;$123.00;$120.98
GOOGL;07/21/2023;$120.02;71606470;$120.62;$120.99;$118.73
GOOGL;07/20/2023;$119.20;37906760;$121.42;$124.09;$118.22
GOOGL;07/19/2023;$122.03;37224030;$124.60;$125.18;$121.80
GOOGL;07/18/2023;$123.76;26226450;$124.60;$124.68;$122.96
GOOGL;07/17/2023;$124.65;25716220;$125.94;$127.0999;$124.195
GOOGL;07/14/2023;$125.42;33283080;$124.80;$126.775;$123.49
GOOGL;07/13/2023;$124.54;44297920;$120.93;$124.83;$120.45
GOOGL;07/12/2023;$118.93;30404410;$118.80;$120.33;$118.4145
GOOGL;07/11/2023;$117.14;23078780;$116.29;$117.71;$115.35
GOOGL;07/10/2023;$116.45;35315240;$118.30;$118.305;$116.135
GOOGL;07/07/2023;$119.48;21709550;$120.10;$121.05;$119.40
GOOGL;07/06/2023;$120.11;24778800;$119.795;$120.30;$118.40
GOOGL;07/05/2023;$121.75;27584810;$119.24;$122.61;$119.23
GOOGL;07/03/2023;$119.90;14442850;$119.24;$120.19;$118.8182
GOOGL;06/30/2023;$119.70;29532240;$120.17;$121.08;$119.69
GOOGL;06/29/2023;$119.10;24090900;$119.24;$120.06;$118.295
GOOGL;06/28/2023;$120.18;27091450;$117.09;$120.39;$116.85
GOOGL;06/27/2023;$118.33;39535940;$117.08;$119.08;$116.10
GOOGL;06/26/2023;$118.34;33969900;$120.76;$122.00;$118.265
GOOGL;06/23/2023;$122.34;34913640;$121.38;$122.7879;$121.06
GOOGL;06/22/2023;$123.15;26952250;$120.00;$123.24;$118.83
GOOGL;06/21/2023;$120.55;30306340;$122.40;$122.66;$120.10
GOOGL;06/20/2023;$123.10;26097490;$122.93;$124.57;$122.14
GOOGL;06/16/2023;$123.53;45535550;$125.93;$126.108;$123.28
GOOGL;06/15/2023;$125.09;35246270;$123.14;$125.46;$122.40
GOOGL;06/14/2023;$123.67;30592300;$123.10;$124.05;$121.45
GOOGL;06/13/2023;$123.83;22278310;$124.98;$125.16;$123.18
GOOGL;06/12/2023;$123.64;28338740;$122.785;$124.05;$121.66
GOOGL;06/09/2023;$122.23;23778320;$122.25;$123.755;$121.91
GOOGL;06/08/2023;$122.14;29389170;$122.225;$123.225;$121.24
GOOGL;06/07/2023;$122.50;52538990;$126.97;$129.04;$122.12
GOOGL;06/06/2023;$127.31;26638300;$126.01;$128.29;$125.36
GOOGL;06/05/2023;$126.01;32305530;$124.01;$127.43;$123.84
GOOGL;06/02/2023;$124.67;26980150;$123.99;$126.15;$123.76
GOOGL;06/01/2023;$123.72;30772680;$122.815;$124.42;$122.62
GOOGL;05/31/2023;$122.87;37325790;$122.75;$124.0601;$122.50
GOOGL;05/30/2023;$123.67;35076660;$125.64;$125.66;$122.00
GOOGL;05/26/2023;$124.61;35635940;$123.17;$125.26;$122.45
GOOGL;05/25/2023;$123.48;42316990;$124.52;$125.32;$121.96
GOOGL;05/24/2023;$120.90;34182640;$121.12;$121.91;$119.86
GOOGL;05/23/2023;$122.56;34046250;$124.16;$124.625;$122.2104
GOOGL;05/22/2023;$125.05;35253030;$122.94;$126.43;$122.74
GOOGL;05/19/2023;$122.76;41353450;$123.55;$125.97;$122.15
GOOGL;05/18/2023;$122.83;35234230;$120.95;$123.31;$120.83
GOOGL;05/17/2023;$120.84;33323590;$119.61;$121.67;$118.89
GOOGL;05/16/2023;$119.51;45035560;$116.49;$120.75;$116.43
GOOGL;05/15/2023;$116.51;36266770;$116.11;$118.48;$116.01
GOOGL;05/12/2023;$117.51;41102330;$116.68;$118.03;$116.11
GOOGL;05/11/2023;$116.57;78900030;$115.395;$117.92;$114.41
GOOGL;05/10/2023;$111.75;63153370;$107.97;$112.94;$107.93
GOOGL;05/09/2023;$107.35;36360140;$108.39;$110.15;$107.19
GOOGL;05/08/2023;$107.77;26511450;$105.18;$107.96;$105.16
GOOGL;05/05/2023;$105.57;26639250;$104.82;$105.88;$104.11
GOOGL;05/04/2023;$104.69;23419510;$105.485;$105.60;$103.97
GOOGL;05/03/2023;$105.41;21795410;$105.53;$107.49;$104.96
GOOGL;05/02/2023;$105.32;30997250;$107.14;$107.20;$103.71
GOOGL;05/01/2023;$107.20;26681680;$106.84;$107.99;$106.82
GOOGL;04/28/2023;$107.34;36139850;$107.04;$107.35;$105.09
GOOGL;04/27/2023;$107.59;50089190;$104.45;$108.37;$103.54
GOOGL;04/26/2023;$103.71;53347560;$104.92;$106.35;$102.63
GOOGL;04/25/2023;$103.85;46664100;$105.825;$106.69;$103.84
GOOGL;04/24/2023;$105.97;23542830;$105.49;$106.63;$104.70
GOOGL;04/21/2023;$105.41;25800080;$105.47;$106.00;$104.78
GOOGL;04/20/2023;$105.29;27820790;$103.91;$106.25;$103.8684
GOOGL;04/19/2023;$104.18;20905680;$103.58;$104.98;$103.07
GOOGL;04/18/2023;$104.50;26596450;$106.49;$106.54;$104.07
GOOGL;04/17/2023;$105.97;37571220;$104.658;$106.16;$104.52
GOOGL;04/14/2023;$108.87;26578000;$106.89;$108.94;$106.84
GOOGL;04/13/2023;$107.43;24843580;$105.84;$107.49;$105.84
GOOGL;04/12/2023;$104.64;24370270;$106.58;$106.75;$104.34
GOOGL;04/11/2023;$105.35;26311800;$106.55;$106.73;$104.68
GOOGL;04/10/2023;$106.44;27067360;$106.98;$107.59;$105.12
GOOGL;04/06/2023;$108.42;48711480;$105.26;$109.17;$104.33
GOOGL;04/05/2023;$104.47;28290500;$105.78;$106.10;$103.66
GOOGL;04/04/2023;$104.72;24420080;$104.33;$105.58;$104.04
GOOGL;04/03/2023;$104.36;25035400;$102.39;$104.53;$101.93
GOOGL;03/31/2023;$103.73;36863370;$101.30;$103.89;$101.04
GOOGL;03/30/2023;$100.89;33086180;$100.91;$101.155;$99.78
GOOGL;03/29/2023;$101.39;28779570;$102.28;$102.49;$100.65
GOOGL;03/28/2023;$101.03;32057870;$102.44;$102.45;$99.74
GOOGL;03/27/2023;$102.46;31120860;$104.615;$104.76;$101.9273
GOOGL;03/24/2023;$105.44;30411040;$104.99;$105.49;$103.84
GOOGL;03/23/2023;$105.60;40797770;$105.06;$106.30;$104.46
GOOGL;03/22/2023;$103.37;43427420;$104.27;$106.59;$103.33
GOOGL;03/21/2023;$104.92;42110280;$101.25;$105.10;$101.22
GOOGL;03/20/2023;$101.22;32960440;$100.12;$101.75;$99.87
GOOGL;03/17/2023;$101.62;61028550;$100.26;$102.835;$100.10
GOOGL;03/16/2023;$100.32;65567660;$96.20;$101.19;$95.50
GOOGL;03/15/2023;$96.11;50622050;$93.22;$96.93;$92.64
GOOGL;03/14/2023;$93.97;36050210;$92.56;$94.36;$92.44
GOOGL;03/13/2023;$91.11;37335570;$90.09;$92.57;$89.42
GOOGL;03/10/2023;$90.63;35941050;$92.17;$92.79;$90.395
GOOGL;03/09/2023;$92.32;28813530;$94.05;$95.53;$91.90
GOOGL;03/08/2023;$94.25;34103270;$94.12;$95.955;$94.00
GOOGL;03/07/2023;$93.86;27835480;$94.98;$95.67;$93.53
GOOGL;03/06/2023;$95.13;32639310;$94.015;$95.97;$94.00
GOOGL;03/03/2023;$93.65;35160110;$92.48;$93.73;$92.45
GOOGL;03/02/2023;$92.00;32226230;$89.66;$92.275;$89.59
GOOGL;03/01/2023;$90.36;31111230;$89.98;$91.03;$89.67
GOOGL;02/28/2023;$90.06;30142040;$89.33;$91.23;$89.32
GOOGL;02/27/2023;$89.87;27502300;$89.87;$90.16;$89.335
GOOGL;02/24/2023;$89.13;36585090;$89.44;$89.89;$88.575
GOOGL;02/23/2023;$90.89;41206380;$91.92;$91.94;$89.76
GOOGL;02/22/2023;$91.65;30884020;$91.70;$92.11;$90.61
GOOGL;02/21/2023;$91.79;33629260;$93.00;$93.10;$91.72
GOOGL;02/17/2023;$94.35;34284120;$94.85;$95.5599;$93.21
GOOGL;02/16/2023;$95.51;42462620;$95.37;$97.68;$94.74
GOOGL;02/15/2023;$96.94;50298480;$94.49;$97.12;$94.15
GOOGL;02/14/2023;$94.68;54726120;$94.43;$94.845;$92.26
GOOGL;02/13/2023;$94.61;50076120;$94.74;$95.20;$93.84
GOOGL;02/10/2023;$94.57;54980700;$95.45;$96.75;$94.25
GOOGL;02/09/2023;$95.01;119455000;$100.00;$100.03;$93.63
GOOGL;02/08/2023;$99.37;94743520;$102.05;$103.14;$98.035
GOOGL;02/07/2023;$107.64;49010230;$103.22;$108.18;$103.12
GOOGL;02/06/2023;$102.90;31999560;$102.40;$104.36;$101.88
GOOGL;02/03/2023;$104.78;65309260;$102.93;$107.81;$102.58
GOOGL;02/02/2023;$107.74;69883760;$105.80;$107.85;$105.61
GOOGL;02/01/2023;$100.43;35531100;$98.71;$101.19;$97.58
GOOGL;01/31/2023;$98.84;29870670;$96.87;$98.88;$96.82
GOOGL;01/30/2023;$96.94;27226200;$97.48;$98.29;$96.395
GOOGL;01/27/2023;$99.37;33879750;$97.31;$100.32;$97.31
GOOGL;01/26/2023;$97.52;30113970;$96.50;$97.57;$95.38
GOOGL;01/25/2023;$95.22;42329950;$95.57;$96.162;$93.76
GOOGL;01/24/2023;$97.70;33078510;$98.10;$99.61;$97.20
GOOGL;01/23/2023;$99.79;40005060;$97.95;$100.04;$97.50
GOOGL;01/20/2023;$98.02;63191080;$95.10;$98.30;$95.02
GOOGL;01/19/2023;$93.05;37000400;$90.72;$93.605;$90.63
GOOGL;01/18/2023;$91.12;29116690;$92.14;$92.7999;$90.64
GOOGL;01/17/2023;$91.29;32602420;$92.06;$92.25;$90.05
GOOGL;01/13/2023;$92.12;26329210;$90.85;$92.19;$90.1299
GOOGL;01/12/2023;$91.13;30258140;$91.48;$91.87;$89.75
GOOGL;01/11/2023;$91.52;26861970;$89.18;$91.60;$89.01
GOOGL;01/10/2023;$88.42;30467760;$85.98;$88.67;$85.83
GOOGL;01/09/2023;$88.02;29003900;$88.36;$90.05;$87.86
GOOGL;01/06/2023;$87.34;41381500;$86.79;$87.69;$84.86
GOOGL;01/05/2023;$86.20;27194380;$87.47;$87.57;$85.90
GOOGL;01/04/2023;$88.08;34854780;$90.35;$90.65;$87.271
GOOGL;01/03/2023;$89.12;28131220;$89.585;$91.05;$88.52
GOOGL;12/30/2022;$88.23;23986300;$86.98;$88.30;$86.57
GOOGL;12/29/2022;$88.45;23333540;$86.62;$88.845;$86.61
GOOGL;12/28/2022;$86.02;19523180;$86.98;$88.04;$85.94
GOOGL;12/27/2022;$87.39;20097350;$88.795;$88.94;$87.01
GOOGL;12/23/2022;$89.23;23003040;$87.11;$89.545;$87.07
GOOGL;12/22/2022;$87.76;27658290;$88.16;$88.54;$86.32
GOOGL;12/21/2022;$89.58;24745640;$89.08;$90.22;$88.32
GOOGL;12/20/2022;$89.02;23453840;$88.11;$89.175;$87.4401
GOOGL;12/19/2022;$88.44;29493030;$90.255;$90.56;$88.21
GOOGL;12/16/2022;$90.26;58011850;$90.76;$91.33;$89.52
GOOGL;12/15/2022;$90.86;40107030;$93.13;$93.64;$90.01
GOOGL;12/14/2022;$95.07;28733600;$95.20;$96.87;$93.60
GOOGL;12/13/2022;$95.63;40593660;$97.76;$99.53;$95.03
GOOGL;12/12/2022;$93.31;29009010;$92.71;$93.56;$91.61
GOOGL;12/09/2022;$92.83;28225450;$93.77;$94.26;$92.75
GOOGL;12/08/2022;$93.71;32213290;$95.38;$95.58;$93.45
GOOGL;12/07/2022;$94.94;31045450;$96.41;$96.8811;$94.715
GOOGL;12/06/2022;$96.98;24910660;$99.30;$99.78;$96.42
GOOGL;12/05/2022;$99.48;24405090;$99.40;$101.38;$99.00
GOOGL;12/02/2022;$100.44;21480700;$99.05;$100.77;$98.90
GOOGL;12/01/2022;$100.99;28687100;$101.02;$102.25;$100.25
GOOGL;11/30/2022;$100.99;43647480;$94.82;$101.04;$94.42
GOOGL;11/29/2022;$95.19;20061720;$95.73;$96.12;$94.11
GOOGL;11/28/2022;$96.05;26252430;$97.036;$97.58;$95.61
GOOGL;11/25/2022;$97.46;9701441;$98.24;$98.64;$97.40
GOOGL;11/23/2022;$98.46;18868090;$97.09;$98.76;$97.09
GOOGL;11/22/2022;$97.05;23438480;$95.95;$97.22;$94.05
GOOGL;11/21/2022;$95.60;21647390;$97.29;$98.40;$95.355
GOOGL;11/18/2022;$97.43;28342300;$98.77;$98.90;$96.37
GOOGL;11/17/2022;$98.36;26052600;$96.97;$99.28;$96.79
GOOGL;11/16/2022;$98.85;29105150;$97.90;$99.6375;$97.64
GOOGL;11/15/2022;$98.44;41640820;$98.26;$100.14;$96.71
GOOGL;11/14/2022;$95.70;30179540;$95.09;$96.79;$94.51
GOOGL;11/11/2022;$96.41;33090480;$94.69;$96.93;$93.92
GOOGL;11/10/2022;$93.94;51620140;$92.25;$94.39;$91.61
GOOGL;11/09/2022;$87.32;31769100;$88.45;$89.435;$87.28
GOOGL;11/08/2022;$88.90;30429030;$88.90;$90.32;$87.5901
GOOGL;11/07/2022;$88.49;34078910;$87.28;$88.90;$86.85
GOOGL;11/04/2022;$86.58;51124900;$85.40;$86.64;$83.71
GOOGL;11/03/2022;$83.43;61288020;$86.32;$86.52;$83.34
GOOGL;11/02/2022;$86.97;57038280;$90.94;$91.18;$86.88
GOOGL;11/01/2022;$90.47;47161350;$95.45;$96.03;$90.37
GOOGL;10/31/2022;$94.51;31675040;$95.42;$96.03;$93.98
GOOGL;10/28/2022;$96.29;43697290;$92.27;$96.55;$92.13
GOOGL;10/27/2022;$92.22;60710860;$94.52;$95.43;$91.80
GOOGL;10/26/2022;$94.93;88279040;$96.43;$98.31;$94.69
GOOGL;10/25/2022;$104.48;40611380;$102.90;$104.82;$102.72
GOOGL;10/24/2022;$102.52;27176420;$101.80;$102.75;$99.98
GOOGL;10/21/2022;$101.13;32458720;$97.845;$101.31;$97.72
GOOGL;10/20/2022;$99.97;25323200;$100.00;$102.32;$99.39
GOOGL;10/19/2022;$99.63;23811060;$100.01;$101.0183;$98.9201
GOOGL;10/18/2022;$100.77;24060670;$103.13;$103.47;$99.97
GOOGL;10/17/2022;$99.97;28419190;$98.86;$100.93;$98.83
GOOGL;10/14/2022;$96.56;25410670;$99.99;$100.69;$96.37
GOOGL;10/13/2022;$99.06;34574550;$95.15;$99.775;$94.3836
GOOGL;10/12/2022;$97.56;21876360;$97.30;$98.75;$96.735
GOOGL;10/11/2022;$97.18;26507100;$97.43;$99.245;$96.31
GOOGL;10/10/2022;$97.86;18225090;$99.00;$99.095;$97.01
GOOGL;10/07/2022;$98.68;27502770;$99.85;$100.53;$98.295
GOOGL;10/06/2022;$101.42;22323990;$100.68;$102.9254;$100.59
GOOGL;10/05/2022;$101.43;22176900;$99.825;$101.93;$98.80
GOOGL;10/04/2022;$101.64;28850770;$100.44;$101.84;$100.38
GOOGL;10/03/2022;$98.64;27982030;$96.76;$99.2872;$96.521
GOOGL;09/30/2022;$95.65;32941490;$97.05;$98.90;$95.56
GOOGL;09/29/2022;$97.42;31047220;$98.64;$98.64;$95.96
GOOGL;09/28/2022;$100.05;32466320;$97.65;$100.70;$97.11
GOOGL;09/27/2022;$97.50;30072780;$99.43;$100.00;$96.872
GOOGL;09/26/2022;$98.17;27072660;$98.10;$99.88;$97.80
GOOGL;09/23/2022;$98.74;31625440;$99.63;$99.66;$97.47
GOOGL;09/22/2022;$100.14;34298620;$98.82;$101.24;$98.79
GOOGL;09/21/2022;$99.28;31487270;$101.67;$102.88;$99.27
GOOGL;09/20/2022;$101.14;26517120;$102.08;$102.37;$100.52
GOOGL;09/19/2022;$103.07;23036810;$101.75;$103.33;$101.55
GOOGL;09/16/2022;$102.80;42797170;$102.07;$103.13;$100.94
GOOGL;09/15/2022;$102.91;34188280;$104.03;$105.27;$102.35
GOOGL;09/14/2022;$105.00;26395130;$104.57;$105.275;$103.66
GOOGL;09/13/2022;$104.32;38172870;$107.80;$108.30;$104.09
GOOGL;09/12/2022;$110.86;22966750;$110.99;$111.62;$109.93
GOOGL;09/09/2022;$110.65;23213590;$109.065;$110.99;$109.02
GOOGL;09/08/2022;$108.38;24238290;$108.04;$109.60;$107.16
GOOGL;09/07/2022;$109.45;23166970;$107.06;$109.98;$106.90
GOOGL;09/06/2022;$106.81;25068280;$107.30;$108.03;$105.78
GOOGL;09/02/2022;$107.85;24160710;$110.59;$110.74;$107.26
GOOGL;09/01/2022;$109.74;28360930;$108.28;$110.445;$107.36
GOOGL;08/31/2022;$108.22;28626970;$110.65;$110.85;$108.13
GOOGL;08/30/2022;$108.94;27513260;$110.17;$110.50;$107.80
GOOGL;08/29/2022;$109.42;21191160;$109.99;$110.95;$108.80
GOOGL;08/26/2022;$110.34;37245700;$114.72;$115.12;$110.19
GOOGL;08/25/2022;$116.65;16956790;$114.235;$116.72;$114.11
GOOGL;08/24/2022;$113.69;17734620;$113.50;$114.78;$112.8701
GOOGL;08/23/2022;$113.86;15870370;$113.475;$115.01;$113.43
GOOGL;08/22/2022;$114.24;21456650;$115.20;$115.63;$113.85
GOOGL;08/19/2022;$117.21;21809530;$119.06;$119.15;$116.76
GOOGL;08/18/2022;$120.17;17987660;$119.43;$120.82;$118.72
GOOGL;08/17/2022;$119.55;22846960;$120.12;$121.29;$119.38
GOOGL;08/16/2022;$121.70;19041230;$121.52;$122.43;$120.64
GOOGL;08/15/2022;$122.08;19494830;$121.13;$122.30;$120.61
META;08/11/2023;$301.64;14046250;$302.57;$304.72;$300.36
META;08/10/2023;$305.74;14358900;$307.94;$312.339;$303.87
META;08/09/2023;$305.21;19955780;$312.88;$313.63;$302.85
META;08/08/2023;$312.64;15183530;$314.40;$317.89;$310.11
META;08/07/2023;$316.56;16236500;$313.23;$317.07;$310.46
META;08/04/2023;$310.73;17612760;$314.96;$318.41;$310.20
META;08/03/2023;$313.19;15215420;$309.93;$315.9499;$309.93
META;08/02/2023;$314.31;20461090;$318.00;$318.39;$310.65
META;08/01/2023;$322.71;22889870;$317.535;$324.14;$314.66
META;07/31/2023;$318.60;25799600;$323.69;$325.6599;$317.59
META;07/28/2023;$325.48;39220270;$316.875;$326.20;$314.2481
META;07/27/2023;$311.71;64229170;$325.12;$325.35;$309.84
META;07/26/2023;$298.57;47256930;$301.19;$301.77;$291.90
META;07/25/2023;$294.47;19585580;$295.19;$298.30;$291.86
META;07/24/2023;$291.61;24949410;$295.78;$297.52;$288.3001
META;07/21/2023;$294.26;42139260;$304.57;$305.46;$291.20
META;07/20/2023;$302.52;23836880;$313.50;$315.54;$302.22
META;07/19/2023;$316.01;21763690;$313.03;$318.68;$310.52
META;07/18/2023;$312.05;20764580;$310.875;$314.20;$307.6188
META;07/17/2023;$310.62;25323130;$307.54;$311.71;$304.71
META;07/14/2023;$308.87;23054110;$311.79;$314.88;$307.3612
META;07/13/2023;$313.41;30280970;$313.62;$316.24;$310.2901
META;07/12/2023;$309.34;36677130;$301.745;$309.45;$300.1004
META;07/11/2023;$298.29;27585920;$293.90;$300.18;$291.90
META;07/10/2023;$294.10;37058310;$295.55;$298.13;$287.05
META;07/07/2023;$290.53;25585980;$292.18;$296.20;$288.66
META;07/06/2023;$291.99;47733830;$295.885;$298.12;$291.31
META;07/05/2023;$294.37;33865460;$287.65;$298.12;$286.36
META;07/03/2023;$286.02;8608555;$286.70;$289.40;$284.8499
META;06/30/2023;$286.98;19694870;$284.76;$289.05;$284.415
META;06/29/2023;$281.53;15395690;$284.50;$286.57;$280.69
META;06/28/2023;$285.29;16722120;$284.82;$289.55;$284.06
META;06/27/2023;$287.05;26108260;$282.01;$289.345;$280.655
META;06/26/2023;$278.47;24232650;$288.70;$289.79;$277.60
META;06/23/2023;$288.73;51092040;$281.51;$289.67;$278.95
META;06/22/2023;$284.88;17563060;$279.08;$285.26;$277.79
META;06/21/2023;$281.64;20556170;$283.53;$284.00;$278.36
META;06/20/2023;$284.33;20701590;$278.73;$284.80;$276.22
META;06/16/2023;$281.00;43127730;$284.75;$287.85;$280.13
META;06/15/2023;$281.83;25973460;$272.30;$283.99;$271.42
META;06/14/2023;$273.35;19175070;$271.89;$274.99;$268.315
META;06/13/2023;$271.32;16164020;$274.88;$275.72;$269.0923
META;06/12/2023;$271.05;15471700;$267.17;$271.75;$265.33
META;06/09/2023;$264.95;16949790;$262.48;$267.949;$261.70
META;06/08/2023;$264.58;20899360;$260.62;$267.65;$258.88
META;06/07/2023;$263.60;26163630;$271.67;$274.25;$262.80
META;06/06/2023;$271.12;19419010;$270.14;$276.57;$269.69
META;06/05/2023;$271.39;20742950;$270.30;$275.57;$269.56
META;06/02/2023;$272.61;19416930;$272.66;$275.35;$271.12
META;06/01/2023;$272.61;25609510;$265.90;$274.00;$265.89
META;05/31/2023;$264.72;25473690;$260.00;$265.00;$258.45
META;05/30/2023;$262.52;23816480;$265.25;$268.65;$261.29
META;05/26/2023;$262.04;25768660;$252.93;$262.3107;$252.71
META;05/25/2023;$252.69;22371440;$253.40;$255.62;$249.17
META;05/24/2023;$249.21;17724340;$245.28;$249.5892;$244.952
META;05/23/2023;$246.74;17748120;$246.81;$251.61;$246.65
META;05/22/2023;$248.32;27738480;$245.41;$253.57;$245.12
META;05/19/2023;$245.64;21733580;$247.47;$248.69;$243.41
META;05/18/2023;$246.85;22943300;$241.30;$247.0881;$241.19
META;05/17/2023;$242.485;21193080;$238.45;$243.8423;$238.14
META;05/16/2023;$238.82;18163770;$235.79;$239.635;$235.52
META;05/15/2023;$238.86;20653230;$236.92;$240.255;$235.33
META;05/12/2023;$233.81;16161450;$236.74;$236.9599;$231.45
META;05/11/2023;$235.79;20448990;$233.05;$238.21;$232.30
META;05/10/2023;$233.08;19119010;$236.17;$236.75;$230.72
META;05/09/2023;$233.37;16865590;$231.46;$235.88;$231.08
META;05/08/2023;$233.27;16400530;$231.415;$235.62;$230.27
META;05/05/2023;$232.78;27000480;$232.24;$234.68;$229.85
META;05/04/2023;$233.52;17889390;$236.06;$238.20;$232.9264
META;05/03/2023;$237.03;34463860;$239.47;$241.75;$232.75
META;05/02/2023;$239.24;24350150;$243.18;$244.92;$238.99
META;05/01/2023;$243.18;29143910;$238.615;$244.00;$236.46
META;04/28/2023;$240.32;39554040;$239.01;$240.43;$235.75
META;04/27/2023;$238.56;71196530;$239.89;$241.685;$236.77
META;04/26/2023;$209.40;41992730;$212.50;$214.11;$208.88
META;04/25/2023;$207.55;19198180;$210.815;$211.26;$207.13
META;04/24/2023;$212.79;15750920;$213.675;$213.92;$210.71
META;04/21/2023;$212.89;17717170;$210.21;$213.41;$209.58
META;04/20/2023;$213.07;16475440;$213.48;$216.75;$212.77
META;04/19/2023;$215.70;15898080;$213.472;$217.33;$212.93
META;04/18/2023;$217.89;12280980;$219.91;$220.44;$216.21
META;04/17/2023;$218.86;15481870;$219.79;$220.979;$217.13
META;04/14/2023;$221.49;21591210;$217.88;$222.11;$217.55
META;04/13/2023;$220.35;23310360;$215.73;$221.15;$215.69
META;04/12/2023;$214.00;18972170;$214.835;$216.84;$212.584
META;04/11/2023;$213.85;16710100;$215.48;$216.02;$213.41
META;04/10/2023;$214.75;16106070;$214.71;$215.66;$210.66
META;04/06/2023;$216.10;26104410;$209.25;$216.94;$208.65
META;04/05/2023;$211.48;19396630;$214.15;$215.19;$209.94
META;04/04/2023;$214.72;21026370;$213.39;$216.24;$212.54
META;04/03/2023;$213.07;17924610;$208.84;$213.4861;$208.20
META;03/31/2023;$211.94;25440270;$207.24;$212.17;$206.77
META;03/30/2023;$207.84;22608300;$203.38;$208.09;$202.82
META;03/29/2023;$205.35;18851140;$203.56;$205.72;$202.5355
META;03/28/2023;$200.68;19127300;$200.15;$201.03;$197.90
META;03/27/2023;$202.84;18527180;$204.81;$205.86;$201.36
META;03/24/2023;$206.01;27733040;$205.18;$207.58;$203.55
META;03/23/2023;$204.28;27389670;$202.84;$207.88;$202.15
META;03/22/2023;$199.81;28477760;$202.50;$207.37;$199.67
META;03/21/2023;$202.16;31826950;$203.20;$203.55;$197.95
META;03/20/2023;$197.81;25186320;$198.48;$199.36;$193.64
META;03/17/2023;$195.61;50141100;$200.56;$201.90;$195.4304
META;03/16/2023;$204.93;50819660;$198.26;$205.76;$196.0886
META;03/15/2023;$197.75;42123550;$192.95;$197.78;$190.8351
META;03/14/2023;$194.02;41642630;$187.58;$194.32;$186.56
META;03/13/2023;$180.90;24727970;$177.96;$183.78;$174.82
META;03/10/2023;$179.51;25665030;$181.01;$184.77;$178.80
META;03/09/2023;$181.69;26582750;$186.35;$188.93;$180.30
META;03/08/2023;$184.97;19432410;$182.87;$185.26;$181.34
META;03/07/2023;$184.51;36701500;$189.00;$190.36;$184.01
META;03/06/2023;$184.90;33209390;$188.00;$189.66;$184.64
META;03/03/2023;$185.25;45877690;$178.92;$186.62;$177.05
META;03/02/2023;$174.53;17360710;$172.38;$175.01;$171.43
META;03/01/2023;$173.42;30998380;$174.59;$177.85;$173.05
META;02/28/2023;$174.94;46051120;$171.90;$177.55;$171.87
META;02/27/2023;$169.54;19277000;$171.875;$173.12;$169.06
META;02/24/2023;$170.39;19791330;$168.64;$170.72;$167.66
META;02/23/2023;$172.04;20017780;$172.00;$173.69;$169.38
META;02/22/2023;$171.12;22433160;$171.07;$172.755;$169.69
META;02/21/2023;$172.08;34592580;$174.31;$178.17;$171.88
META;02/17/2023;$172.88;24171260;$170.22;$173.18;$169.70
META;02/16/2023;$172.44;25827470;$172.75;$175.85;$171.79
META;02/15/2023;$177.16;25337970;$176.415;$178.19;$175.33
META;02/14/2023;$179.48;24034630;$177.16;$181.5064;$175.88
META;02/13/2023;$179.43;31463220;$178.215;$181.00;$175.82
META;02/10/2023;$174.15;33433570;$176.353;$178.89;$173.35
META;02/09/2023;$177.92;37118810;$186.13;$186.65;$177.27
META;02/08/2023;$183.43;36139070;$190.00;$190.83;$182.92
META;02/07/2023;$191.62;47080660;$185.575;$193.7799;$184.40
META;02/06/2023;$186.06;42483810;$186.53;$190.70;$185.5156
META;02/03/2023;$186.53;76809700;$183.465;$196.77;$182.89
META;02/02/2023;$188.77;150475700;$183.38;$197.16;$180.16
META;02/01/2023;$153.12;55661020;$148.03;$153.58;$147.06
META;01/31/2023;$148.97;29842110;$147.95;$149.88;$147.52
META;01/30/2023;$147.06;28040100;$149.405;$151.1233;$146.95
META;01/27/2023;$151.74;35771870;$148.237;$153.19;$147.39
META;01/26/2023;$147.30;25482080;$144.40;$147.51;$143.30
META;01/25/2023;$141.50;26622020;$141.22;$143.17;$140.31
META;01/24/2023;$143.14;21970190;$141.69;$145.00;$141.36
META;01/23/2023;$143.27;27470090;$139.29;$143.76;$138.66
META;01/20/2023;$139.37;28688630;$135.89;$139.94;$134.61
META;01/19/2023;$136.15;28625230;$132.49;$137.45;$132.14
META;01/18/2023;$133.02;20215490;$135.81;$137.25;$132.80
META;01/17/2023;$135.36;21147590;$136.176;$136.75;$134.25
META;01/13/2023;$136.98;22423840;$134.97;$137.39;$134.835
META;01/12/2023;$136.71;30757730;$133.44;$137.6781;$131.76
META;01/11/2023;$132.89;25423050;$130.96;$133.8494;$130.34
META;01/10/2023;$132.99;28684430;$127.27;$133.44;$127.15
META;01/09/2023;$129.47;26649150;$131.16;$132.95;$129.28
META;01/06/2023;$130.02;27584500;$128.97;$130.33;$126.04
META;01/05/2023;$126.94;25447100;$126.125;$128.52;$124.54
META;01/04/2023;$127.37;32397090;$127.38;$129.0498;$125.85
META;01/03/2023;$124.74;35528530;$122.82;$126.37;$122.28
META;12/30/2022;$120.34;19583830;$118.16;$120.42;$117.74
META;12/29/2022;$120.26;22366190;$116.40;$121.03;$115.77
META;12/28/2022;$115.62;19612470;$116.25;$118.15;$115.51
META;12/27/2022;$116.88;21392310;$117.93;$118.60;$116.0501
META;12/23/2022;$118.04;17796630;$116.03;$118.175;$115.535
META;12/22/2022;$117.12;23618120;$117.20;$118.62;$114.38
META;12/21/2022;$119.76;20392800;$116.70;$120.34;$115.62
META;12/20/2022;$117.09;28742500;$113.26;$117.33;$112.46
META;12/19/2022;$114.48;29769880;$116.83;$117.80;$114.331
META;12/16/2022;$119.43;67064000;$120.23;$123.31;$118.8214
META;12/15/2022;$116.15;34530970;$118.33;$118.625;$114.01
META;12/14/2022;$121.59;36922040;$119.39;$124.14;$119.39
META;12/13/2022;$120.15;44701050;$122.13;$123.30;$118.64
META;12/12/2022;$114.71;24747060;$115.18;$115.72;$113.14
META;12/09/2022;$115.90;26033350;$115.30;$117.54;$113.87
META;12/08/2022;$115.33;30619420;$116.39;$117.34;$114.59
META;12/07/2022;$113.93;29461140;$113.76;$115.88;$112.88
META;12/06/2022;$114.12;43689180;$119.91;$120.55;$113.74
META;12/05/2022;$122.43;35474880;$121.75;$124.67;$121.35
META;12/02/2022;$123.49;39950460;$117.83;$124.04;$117.61
META;12/01/2022;$120.44;36551370;$119.198;$121.20;$118.40
META;11/30/2022;$118.10;43348560;$109.505;$118.16;$109.38
META;11/29/2022;$109.46;23899240;$109.54;$110.94;$108.5437
META;11/28/2022;$108.78;23332820;$110.78;$112.04;$108.38
META;11/25/2022;$111.41;12007570;$111.30;$112.73;$111.02
META;11/23/2022;$112.24;21343080;$111.72;$112.67;$110.73
META;11/22/2022;$111.44;29028960;$109.86;$111.62;$108.3216
META;11/21/2022;$109.86;24351070;$111.52;$112.3699;$109.19
META;11/18/2022;$112.05;33357710;$113.80;$114.32;$110.62
META;11/17/2022;$111.45;35093820;$110.41;$112.33;$109.80
META;11/16/2022;$113.23;33287770;$114.50;$116.075;$112.66
META;11/15/2022;$117.08;50670500;$116.07;$118.74;$114.4116
META;11/14/2022;$114.22;53394970;$110.99;$116.27;$110.80
META;11/11/2022;$113.02;59961740;$109.23;$114.90;$108.81
META;11/10/2022;$111.87;80670960;$107.12;$112.75;$104.61
META;11/09/2022;$101.47;107677300;$101.72;$104.90;$100.74
META;11/08/2022;$96.47;52088320;$95.92;$97.80;$94.79
META;11/07/2022;$96.72;81987300;$94.78;$96.88;$93.10
META;11/04/2022;$90.79;55638060;$90.35;$91.39;$88.09
META;11/03/2022;$88.91;60664010;$90.08;$90.4576;$88.41
META;11/02/2022;$90.54;71821060;$94.205;$95.20;$90.48
META;11/01/2022;$95.20;110189600;$94.33;$97.49;$93.55
META;10/31/2022;$93.16;121361400;$98.22;$99.32;$92.60
META;10/28/2022;$99.20;95928310;$99.58;$100.85;$97.51
META;10/27/2022;$97.94;232316600;$97.975;$102.50;$96.38
META;10/26/2022;$129.82;89294680;$131.68;$135.55;$128.53
META;10/25/2022;$137.51;38433220;$130.875;$138.35;$130.59
META;10/24/2022;$129.72;63563450;$127.25;$133.48;$124.57
META;10/21/2022;$130.01;46348650;$126.31;$130.12;$125.44
META;10/20/2022;$131.53;26356280;$132.93;$136.77;$131.31
META;10/19/2022;$133.23;30691050;$132.89;$137.00;$132.22
META;10/18/2022;$132.80;25444980;$137.085;$137.8399;$131.40
META;10/17/2022;$134.04;29612250;$130.30;$134.79;$130.18
META;10/14/2022;$126.76;23559410;$131.00;$131.79;$126.52
META;10/13/2022;$130.29;34325720;$123.53;$131.14;$122.5301
META;10/12/2022;$127.50;34605250;$128.32;$129.67;$126.25
META;10/11/2022;$128.54;38481400;$131.62;$132.66;$126.99
META;10/10/2022;$133.79;24023980;$133.55;$136.11;$131.87
META;10/07/2022;$133.45;33214770;$136.76;$138.29;$132.44
META;10/06/2022;$139.07;36231060;$137.715;$141.45;$136.60
META;10/05/2022;$138.98;27979350;$138.24;$140.21;$134.78
META;10/04/2022;$140.28;34670730;$140.49;$142.3901;$139.34
META;10/03/2022;$138.61;27723060;$137.14;$139.62;$136.10
META;09/30/2022;$135.68;33166390;$136.05;$140.99;$135.50
META;09/29/2022;$136.41;38985410;$139.36;$139.84;$135.20
META;09/28/2022;$141.61;32658480;$134.62;$142.03;$134.27
META;09/27/2022;$134.40;30826470;$137.92;$139.42;$134.1201
META;09/26/2022;$136.37;30497020;$140.12;$142.24;$136.19
META;09/23/2022;$140.41;31710690;$141.42;$142.62;$138.89
META;09/22/2022;$142.82;34418520;$141.55;$144.58;$140.87
META;09/21/2022;$142.12;38338610;$146.39;$149.60;$142.00
META;09/20/2022;$146.09;23217350;$145.775;$148.84;$145.22
META;09/19/2022;$148.02;22169480;$145.235;$148.58;$145.10
META;09/16/2022;$146.29;40122820;$148.05;$148.58;$144.2935
META;09/15/2022;$149.55;34606350;$149.80;$154.1984;$148.70
META;09/14/2022;$151.47;43064200;$153.33;$153.54;$149.05
META;09/13/2022;$153.13;44444060;$161.54;$161.63;$152.67
META;09/12/2022;$168.96;23220410;$167.39;$171.39;$167.28
META;09/09/2022;$169.15;22129800;$163.248;$169.54;$163.02
META;09/08/2022;$162.06;22530790;$158.71;$162.23;$157.74
META;09/07/2022;$160.39;16831180;$157.76;$160.955;$156.81
META;09/06/2022;$158.54;19339780;$160.10;$161.69;$157.69
META;09/02/2022;$160.32;22634190;$167.45;$167.93;$159.22
META;09/01/2022;$165.36;30145680;$163.58;$167.3599;$160.345
META;08/31/2022;$162.93;40952980;$167.07;$167.84;$162.14
META;08/30/2022;$157.16;19567950;$160.355;$161.66;$155.91
META;08/29/2022;$159.17;20052660;$160.655;$163.05;$159.01
META;08/26/2022;$161.78;24023630;$168.48;$170.92;$161.6726
META;08/25/2022;$168.78;15550510;$165.18;$168.88;$164.02
META;08/24/2022;$163.26;20891480;$160.60;$165.46;$159.77
META;08/23/2022;$161.11;18111780;$162.48;$165.05;$160.70
META;08/22/2022;$163.05;19499710;$165.49;$165.49;$162.26
META;08/19/2022;$167.96;26240800;$170.20;$172.32;$167.05
META;08/18/2022;$174.66;18844450;$174.34;$175.76;$171.86
META;08/17/2022;$174.85;20118130;$176.76;$178.14;$174.17
META;08/16/2022;$179.47;21156710;$179.44;$180.99;$177.035
META;08/15/2022;$180.89;15878670;$178.96;$181.44;$178.20
NFLX;08/11/2023;$421.66;3927914;$428.98;$430.6317;$421.3277
NFLX;08/10/2023;$429.98;5467607;$431.12;$438.12;$428.69
NFLX;08/09/2023;$428.90;3846639;$439.74;$440.62;$427.59
NFLX;08/08/2023;$438.30;3767195;$440.36;$443.57;$435.10
NFLX;08/07/2023;$440.76;4781303;$436.455;$441.11;$428.9057
NFLX;08/04/2023;$431.60;5441811;$433.06;$436.50;$426.27
NFLX;08/03/2023;$431.00;6259309;$427.80;$441.93;$427.19
NFLX;08/02/2023;$429.70;4921781;$435.23;$435.56;$426.56
NFLX;08/01/2023;$438.62;5725544;$437.37;$445.2499;$431.40
NFLX;07/31/2023;$438.97;6587619;$426.51;$439.13;$426.30
NFLX;07/28/2023;$425.78;6428073;$415.56;$427.47;$413.76
NFLX;07/27/2023;$413.17;6594466;$426.90;$427.52;$411.88
NFLX;07/26/2023;$422.67;6009242;$424.20;$425.26;$415.59
NFLX;07/25/2023;$427.70;4859843;$427.18;$430.8799;$426.13
NFLX;07/24/2023;$428.37;8282434;$425.00;$428.64;$419.19
NFLX;07/21/2023;$427.50;17340030;$437.37;$438.24;$423.19
NFLX;07/20/2023;$437.42;23989710;$447.00;$448.50;$432.00
NFLX;07/19/2023;$477.59;20996480;$476.86;$485.00;$470.00
NFLX;07/18/2023;$474.80;13196880;$451.00;$478.15;$448.78
NFLX;07/17/2023;$450.05;6901141;$445.57;$456.68;$445.1053
NFLX;07/14/2023;$441.91;7195860;$452.785;$456.48;$439.70
NFLX;07/13/2023;$450.38;6157475;$447.00;$451.67;$441.177
NFLX;07/12/2023;$444.05;5731657;$444.55;$445.4085;$437.7494
NFLX;07/11/2023;$440.21;4574559;$438.65;$440.80;$431.0415
NFLX;07/10/2023;$441.71;4251737;$438.52;$444.41;$436.82
NFLX;07/07/2023;$438.10;4165144;$438.60;$442.325;$435.8354
NFLX;07/06/2023;$438.84;4944892;$440.00;$442.7999;$430.72
NFLX;07/05/2023;$445.90;6875414;$444.91;$450.97;$439.6244
NFLX;07/03/2023;$441.44;3728461;$439.76;$441.545;$431.62
NFLX;06/30/2023;$440.49;7346394;$431.10;$444.12;$431.10
NFLX;06/29/2023;$428.24;4932310;$434.33;$437.85;$426.15
NFLX;06/28/2023;$429.84;8811342;$423.10;$437.2915;$422.89
NFLX;06/27/2023;$417.08;4818066;$417.39;$420.8789;$411.50
NFLX;06/26/2023;$415.94;4640022;$422.435;$430.9599;$414.90
NFLX;06/23/2023;$424.02;8298600;$418.59;$425.82;$417.73
NFLX;06/22/2023;$422.48;4872246;$422.93;$424.71;$418.6801
NFLX;06/21/2023;$424.45;5146441;$432.65;$434.55;$422.54
NFLX;06/20/2023;$434.70;4762313;$430.18;$440.00;$430.00
NFLX;06/16/2023;$431.96;8753740;$446.15;$447.51;$430.90
NFLX;06/15/2023;$445.27;7099915;$444.10;$448.65;$439.50
NFLX;06/14/2023;$440.86;8413089;$434.99;$447.33;$433.50
NFLX;06/13/2023;$435.73;7820535;$430.01;$437.27;$428.40
NFLX;06/12/2023;$423.97;5967712;$418.83;$424.70;$416.5669
NFLX;06/09/2023;$420.02;12372830;$424.50;$425.90;$414.76
NFLX;06/08/2023;$409.37;5991087;$399.77;$409.54;$396.34
NFLX;06/07/2023;$399.77;11932390;$410.43;$418.95;$399.23
NFLX;06/06/2023;$399.29;4991532;$405.00;$405.12;$396.93
NFLX;06/05/2023;$403.54;7247413;$400.47;$413.86;$400.15
NFLX;06/02/2023;$400.47;5902381;$402.89;$406.58;$395.90
NFLX;06/01/2023;$403.13;7160145;$397.41;$407.52;$393.08
NFLX;05/31/2023;$395.23;6988047;$391.89;$396.26;$388.91
NFLX;05/30/2023;$392.98;10864990;$397.48;$405.11;$385.79
NFLX;05/26/2023;$378.88;9360436;$361.10;$383.76;$356.00
NFLX;05/25/2023;$359.00;6263105;$359.61;$367.4499;$357.42
NFLX;05/24/2023;$364.85;7973316;$356.93;$367.151;$356.625
NFLX;05/23/2023;$355.99;6866078;$360.24;$364.17;$354.31
NFLX;05/22/2023;$363.01;5406420;$365.36;$372.01;$362.50
NFLX;05/19/2023;$365.36;7859703;$369.86;$369.99;$363.81
NFLX;05/18/2023;$371.29;20925240;$347.25;$375.87;$346.37
NFLX;05/17/2023;$339.96;3958807;$331.76;$341.38;$329.615
NFLX;05/16/2023;$333.75;3334863;$334.00;$335.17;$331.91
NFLX;05/15/2023;$335.89;3652970;$340.62;$341.90;$335.54
NFLX;05/12/2023;$339.89;6082360;$344.76;$348.1664;$337.3637
NFLX;05/11/2023;$344.76;8033531;$334.98;$345.47;$331.84
NFLX;05/10/2023;$335.42;4289897;$335.21;$337.11;$329.51
NFLX;05/09/2023;$332.14;5544852;$330.67;$336.32;$329.7401
NFLX;05/08/2023;$331.21;5488593;$322.99;$332.56;$322.03
NFLX;05/05/2023;$322.76;3990637;$323.61;$324.15;$319.4401
NFLX;05/04/2023;$320.78;3879657;$319.01;$323.61;$317.95
NFLX;05/03/2023;$319.30;5064057;$317.55;$324.62;$315.85
NFLX;05/02/2023;$317.55;4318612;$325.00;$326.07;$315.62
NFLX;05/01/2023;$324.12;5341484;$329.435;$331.23;$318.09
NFLX;04/28/2023;$329.93;4228374;$325.24;$330.8077;$324.00
NFLX;04/27/2023;$325.85;5618768;$324.30;$327.45;$317.44
NFLX;04/26/2023;$321.15;4623238;$321.36;$325.90;$320.47
NFLX;04/25/2023;$322.55;5426642;$328.50;$328.655;$321.10
NFLX;04/24/2023;$329.02;5586627;$330.20;$334.66;$326.75
NFLX;04/21/2023;$327.98;6348000;$323.00;$328.29;$319.50
NFLX;04/20/2023;$325.35;9947800;$320.39;$331.4298;$318.33
NFLX;04/19/2023;$323.12;22128270;$324.21;$325.75;$316.10
NFLX;04/18/2023;$333.70;17944500;$335.00;$337.19;$330.50
NFLX;04/17/2023;$332.72;6136047;$338.00;$338.39;$327.50
NFLX;04/14/2023;$338.63;5350508;$342.94;$344.853;$336.41
NFLX;04/13/2023;$346.19;7406437;$339.99;$346.43;$338.75
NFLX;04/12/2023;$331.03;3965440;$340.81;$342.80;$330.04
NFLX;04/11/2023;$338.21;4044778;$343.45;$347.14;$337.635
NFLX;04/10/2023;$338.99;2657898;$335.27;$339.88;$333.36
NFLX;04/06/2023;$339.33;4660542;$339.34;$340.48;$332.63
NFLX;04/05/2023;$342.35;4205545;$345.30;$345.43;$336.2526
NFLX;04/04/2023;$346.75;3298072;$348.49;$349.80;$343.95
NFLX;04/03/2023;$348.28;4413650;$341.83;$348.58;$340.4001
NFLX;03/31/2023;$345.48;5610161;$340.05;$345.84;$337.2001
NFLX;03/30/2023;$338.43;7131468;$340.27;$343.29;$335.30
NFLX;03/29/2023;$332.03;6287336;$326.29;$332.85;$325.73
NFLX;03/28/2023;$323.52;6489388;$326.06;$333.32;$321.28
NFLX;03/27/2023;$327.66;8625763;$327.55;$336.44;$324.41
NFLX;03/24/2023;$328.39;13004090;$320.63;$331.83;$320.63
NFLX;03/23/2023;$320.37;15653350;$304.68;$322.78;$304.14
NFLX;03/22/2023;$293.90;5808035;$306.31;$306.45;$293.54
NFLX;03/21/2023;$305.79;4886279;$306.32;$307.92;$300.43
NFLX;03/20/2023;$305.13;5113430;$299.79;$307.50;$296.00
NFLX;03/17/2023;$303.50;6918777;$310.06;$310.76;$300.00
NFLX;03/16/2023;$310.06;7912371;$304.75;$316.60;$301.71
NFLX;03/15/2023;$303.79;9215340;$292.51;$306.31;$292.28
NFLX;03/14/2023;$294.94;5956692;$295.97;$297.45;$290.31
NFLX;03/13/2023;$293.51;6292385;$287.34;$299.24;$285.3301
NFLX;03/10/2023;$292.76;5759315;$297.905;$298.79;$289.00
NFLX;03/09/2023;$297.78;7443350;$312.08;$312.51;$294.88
NFLX;03/08/2023;$311.79;3479474;$309.29;$311.83;$305.75
NFLX;03/07/2023;$308.47;4553082;$312.675;$314.30;$306.6226
NFLX;03/06/2023;$312.03;5660743;$317.00;$323.30;$311.8412
NFLX;03/03/2023;$315.18;5953319;$315.45;$317.49;$310.82
NFLX;03/02/2023;$311.88;4921053;$310.96;$315.57;$310.38
NFLX;03/01/2023;$313.48;4911311;$321.55;$326.60;$312.36
NFLX;02/28/2023;$322.13;3676075;$323.70;$327.62;$321.17
NFLX;02/27/2023;$323.03;6142580;$323.87;$330.00;$322.121
NFLX;02/24/2023;$317.15;6830692;$319.30;$321.50;$314.52
NFLX;02/23/2023;$323.65;13238670;$331.23;$331.28;$314.30
NFLX;02/22/2023;$334.88;4546249;$337.50;$341.91;$332.82
NFLX;02/21/2023;$337.50;5710292;$342.85;$344.1253;$336.4177
NFLX;02/17/2023;$347.96;5294727;$347.905;$349.00;$342.44
NFLX;02/16/2023;$350.71;5215726;$355.00;$361.50;$350.31
NFLX;02/15/2023;$361.42;3969945;$356.63;$362.88;$354.24
NFLX;02/14/2023;$359.96;4624758;$357.55;$363.75;$353.40
NFLX;02/13/2023;$358.57;7134445;$349.50;$359.7034;$344.25
NFLX;02/10/2023;$347.36;7291096;$359.16;$362.14;$347.14
NFLX;02/09/2023;$362.50;6901100;$372.41;$373.83;$361.7444
NFLX;02/08/2023;$366.83;6253179;$360.02;$368.193;$358.31
NFLX;02/07/2023;$362.95;6289368;$358.51;$364.1799;$354.18
NFLX;02/06/2023;$361.48;4994942;$363.642;$368.45;$360.68
NFLX;02/03/2023;$365.90;9402034;$359.08;$379.4301;$359.00
NFLX;02/02/2023;$366.89;7856952;$365.16;$368.32;$358.43
NFLX;02/01/2023;$361.99;8005170;$353.86;$365.385;$349.91
NFLX;01/31/2023;$353.86;5660738;$349.98;$355.95;$348.71
NFLX;01/30/2023;$353.11;5127593;$358.44;$360.95;$352.855
NFLX;01/27/2023;$360.77;6703548;$363.20;$365.92;$360.59
NFLX;01/26/2023;$364.87;8256844;$368.77;$369.02;$361.70
NFLX;01/25/2023;$367.96;7766907;$360.57;$368.8999;$358.501
NFLX;01/24/2023;$363.83;11796530;$357.53;$365.65;$355.1401
NFLX;01/23/2023;$357.42;15646850;$341.715;$362.2453;$340.6329
NFLX;01/20/2023;$342.50;28430340;$336.79;$344.00;$332.625
NFLX;01/19/2023;$315.78;18008200;$322.57;$324.89;$313.39
NFLX;01/18/2023;$326.33;7814115;$326.75;$330.08;$321.25
NFLX;01/17/2023;$326.22;9246987;$331.08;$332.50;$323.60
NFLX;01/13/2023;$332.82;8286816;$329.97;$336.65;$328.885
NFLX;01/12/2023;$330.13;10856250;$332.50;$332.95;$323.14
NFLX;01/11/2023;$327.26;9579681;$326.50;$328.88;$321.35
NFLX;01/10/2023;$327.54;13072290;$311.07;$329.35;$311.07
NFLX;01/09/2023;$315.17;6766628;$316.83;$321.70;$313.22
NFLX;01/06/2023;$315.55;8959839;$311.57;$316.77;$303.69
NFLX;01/05/2023;$309.70;8328390;$307.00;$314.18;$304.545
NFLX;01/04/2023;$309.41;9345054;$298.24;$311.135;$295.51
NFLX;01/03/2023;$294.95;6763964;$298.06;$298.39;$288.70
NFLX;12/30/2022;$294.88;7566892;$285.53;$295.01;$283.22
NFLX;12/29/2022;$291.12;9588527;$283.18;$295.4999;$281.01
NFLX;12/28/2022;$276.88;5964369;$281.92;$285.19;$273.41
NFLX;12/27/2022;$284.17;5778098;$293.19;$293.57;$282.13
NFLX;12/23/2022;$294.965;4251108;$296.18;$298.4614;$291.91
NFLX;12/22/2022;$297.75;7856192;$298.09;$298.88;$290.8131
NFLX;12/21/2022;$297.96;6376173;$289.99;$300.66;$286.50
NFLX;12/20/2022;$288.19;6918114;$281.24;$289.28;$280.81
NFLX;12/19/2022;$288.30;6163667;$289.73;$292.25;$286.13
NFLX;12/16/2022;$290.71;14080050;$288.76;$294.7199;$288.70
NFLX;12/15/2022;$290.41;17724560;$302.12;$303.39;$286.55
NFLX;12/14/2022;$317.83;7543291;$318.97;$324.71;$314.42
NFLX;12/13/2022;$320.34;10756430;$328.00;$332.7236;$317.199
NFLX;12/12/2022;$315.18;10148610;$320.00;$323.18;$308.85
NFLX;12/09/2022;$320.01;14364030;$321.45;$329.00;$319.52
NFLX;12/08/2022;$310.26;7205326;$309.11;$312.38;$304.8098
NFLX;12/07/2022;$308.42;7821634;$306.50;$309.61;$302.10
NFLX;12/06/2022;$305.56;7195395;$311.00;$313.2231;$303.13
NFLX;12/05/2022;$312.59;8423029;$316.46;$322.77;$310.92
NFLX;12/02/2022;$320.41;12690600;$310.49;$321.99;$310.00
NFLX;12/01/2022;$316.95;14664870;$303.99;$319.80;$303.03
NFLX;11/30/2022;$305.53;16070120;$281.37;$308.26;$280.41
NFLX;11/29/2022;$280.96;5786874;$282.50;$282.96;$275.94
NFLX;11/28/2022;$281.17;4707049;$284.00;$289.55;$280.53
NFLX;11/25/2022;$285.54;3235953;$289.00;$289.21;$284.17
NFLX;11/23/2022;$291.50;5918988;$285.91;$292.47;$283.76
NFLX;11/22/2022;$286.69;6245119;$284.99;$286.98;$277.34
NFLX;11/21/2022;$285.05;7256507;$291.00;$291.87;$282.66
NFLX;11/18/2022;$287.98;8400108;$297.33;$298.00;$287.00
NFLX;11/17/2022;$295.28;9838220;$294.72;$299.82;$291.00
NFLX;11/16/2022;$306.02;8038556;$309.94;$310.49;$303.61
NFLX;11/15/2022;$310.20;14626930;$309.20;$312.71;$302.55
NFLX;11/14/2022;$299.27;17973400;$290.00;$311.00;$288.19
NFLX;11/11/2022;$290.13;9573834;$274.47;$290.66;$271.5577
NFLX;11/10/2022;$274.97;9667323;$265.99;$275.36;$260.0901
NFLX;11/09/2022;$254.66;7265994;$259.66;$260.90;$254.2202
NFLX;11/08/2022;$263.46;7683826;$259.92;$266.08;$256.8801
NFLX;11/07/2022;$258.60;7927033;$261.06;$261.155;$252.09
NFLX;11/04/2022;$260.79;11124690;$272.02;$274.97;$255.32
NFLX;11/03/2022;$269.06;7057350;$271.25;$276.29;$268.80
NFLX;11/02/2022;$273.00;10367620;$286.40;$287.33;$272.84
NFLX;11/01/2022;$286.75;6916424;$296.17;$299.70;$286.42
NFLX;10/31/2022;$291.88;7505133;$295.13;$297.6199;$289.50
NFLX;10/28/2022;$295.72;9960547;$297.70;$301.19;$292.2924
NFLX;10/27/2022;$296.94;14612590;$298.33;$305.21;$294.78
NFLX;10/26/2022;$298.62;15749250;$290.04;$305.63;$288.04
NFLX;10/25/2022;$291.02;15100720;$286.95;$297.59;$285.5501
NFLX;10/24/2022;$282.45;13326420;$290.23;$290.49;$280.36
NFLX;10/21/2022;$289.57;24889060;$268.95;$290.75;$265.68
NFLX;10/20/2022;$268.16;17207100;$272.78;$278.3755;$266.38
NFLX;10/19/2022;$272.38;46685260;$265.00;$279.30;$262.66
NFLX;10/18/2022;$240.86;25776730;$249.80;$250.37;$237.73
NFLX;10/17/2022;$245.10;21057820;$234.41;$249.9221;$234.40
NFLX;10/14/2022;$230.00;15293400;$237.80;$238.80;$229.51
NFLX;10/13/2022;$232.51;17505010;$212.69;$234.47;$211.73
NFLX;10/12/2022;$220.87;12952640;$214.30;$223.67;$212.64
NFLX;10/11/2022;$214.29;15282410;$226.05;$230.44;$213.70
NFLX;10/10/2022;$229.98;9991145;$225.64;$233.83;$224.23
NFLX;10/07/2022;$224.75;9806128;$235.77;$237.33;$224.28
NFLX;10/06/2022;$240.02;9188940;$236.68;$244.28;$233.9101
NFLX;10/05/2022;$236.73;10825630;$238.76;$241.59;$227.38
NFLX;10/04/2022;$240.74;13925850;$244.84;$245.7999;$233.25
NFLX;10/03/2022;$239.04;8657443;$237.85;$241.54;$232.85
NFLX;09/30/2022;$235.44;11848610;$237.00;$242.44;$233.26
NFLX;09/29/2022;$239.71;18994940;$241.61;$246.98;$235.68
NFLX;09/28/2022;$245.20;17579670;$229.69;$246.65;$227.38
NFLX;09/27/2022;$224.36;7762223;$228.63;$230.64;$220.72
NFLX;09/26/2022;$224.07;8234285;$225.60;$232.70;$223.01
NFLX;09/23/2022;$226.41;11207230;$235.14;$236.4499;$221.43
NFLX;09/22/2022;$237.05;10017970;$235.35;$240.50;$231.66
NFLX;09/21/2022;$236.87;9166772;$242.67;$248.2999;$236.68
NFLX;09/20/2022;$242.85;16037430;$240.37;$250.49;$239.66
NFLX;09/19/2022;$243.63;17912370;$245.05;$245.25;$235.75
NFLX;09/16/2022;$240.13;18914180;$231.22;$241.355;$227.83
NFLX;09/15/2022;$235.38;19454120;$230.47;$242.2871;$229.10
NFLX;09/14/2022;$224.12;8230340;$219.82;$228.00;$215.80
NFLX;09/13/2022;$218.13;8000128;$226.50;$227.69;$217.72
NFLX;09/12/2022;$236.53;6047425;$233.61;$239.49;$233.37
NFLX;09/09/2022;$233.57;6702060;$229.62;$234.7799;$229.62
NFLX;09/08/2022;$227.44;6737436;$224.16;$228.735;$221.30
NFLX;09/07/2022;$228.96;8149329;$220.21;$229.33;$218.2681
NFLX;09/06/2022;$218.39;7469016;$225.59;$226.85;$214.69
NFLX;09/02/2022;$226.11;8164883;$231.03;$233.8814;$225.04
NFLX;09/01/2022;$230.04;7292917;$220.72;$230.37;$219.47
NFLX;08/31/2022;$223.56;8615906;$227.00;$233.8787;$223.43
NFLX;08/30/2022;$220.65;5740434;$226.66;$229.79;$218.74
NFLX;08/29/2022;$224.57;7109397;$221.93;$229.87;$221.52
NFLX;08/26/2022;$223.28;5349848;$233.625;$236.95;$223.15
NFLX;08/25/2022;$233.98;3766867;$230.24;$234.16;$229.00
NFLX;08/24/2022;$229.61;5426316;$225.66;$234.10;$223.94
NFLX;08/23/2022;$224.55;5276945;$226.46;$229.90;$224.30
NFLX;08/22/2022;$226.54;8630094;$232.55;$233.475;$224.59
NFLX;08/19/2022;$241.16;7504707;$240.95;$243.29;$235.68
NFLX;08/18/2022;$245.17;5280387;$241.96;$246.4794;$239.2801
NFLX;08/17/2022;$241.15;5627224;$241.18;$244.24;$237.56
NFLX;08/16/2022;$245.69;5136806;$247.16;$249.29;$244.03
NFLX;08/15/2022;$249.11;6527391;$248.11;$251.99;$247.51
